table,slot,offset,rw_name,address,generated,rw_semantics,args,gx_meaning,final_haunt_per_frame,total_hits_boot_to_50e9,confidence,notes
RwGlobals@0x8060E340 ([0x805F265C]),-,+0x000,curCamera,data,,"RWSRCGLOBAL(curCamera); set by core begin 0x804863A4, cleared by 0x80486370",,fog start/end read cam+0x80/0x84/0x88 from it,,,CONFIRMED,NULL between frames (MEM1 image)
RwGlobals@0x8060E340 ([0x805F265C]),-,+0x004,curWorld,data,,set by RpWorld camera-begin override 0x80461B6C,,none,,,CONFIRMED,
RwGlobals@0x8060E340 ([0x805F265C]),-,+0x008,renderFrame (u16),data,,incremented per camera begin by 0x80461B6C,,none,,,CONFIRMED,
RwGlobals@0x8060E340 ([0x805F265C]),-,+0x00A,lightFrame (u16),data,,light dedup stamp,,none,,,CODE,
RwGlobals@0x8060E340 ([0x805F265C]),dOpenDevice,+0x010,gammaCorrection,data,,f32 = 1.0,,unused by GX,,,CONFIRMED,
RwGlobals@0x8060E340 ([0x805F265C]),dOpenDevice,+0x014,fpSystem,0x80494EDC,recomp_038.cpp:161015,"RwSystemFunc(request, pOut, pInOut, nIn); 23-way jump table 0x8056F494",r3=request r4=pOut r5=pInOut r6=nIn,OPEN/START do GXInit+VI config; see system rows,2.00,23620,CONFIRMED,
RwGlobals@0x8060E340 ([0x805F265C]),dOpenDevice,+0x018,zBufferNear,data,,f32 = 0.0 (RwIm2DGetNearScreenZ),,Im2D z=0.0 -> depth 0,,,CONFIRMED,
RwGlobals@0x8060E340 ([0x805F265C]),dOpenDevice,+0x01C,zBufferFar,data,,f32 = 0x3F7FFFFF = 0.99999994 (RwIm2DGetFarScreenZ),,depth 0xFFFFFE,,,CONFIRMED,
RwGlobals@0x8060E340 ([0x805F265C]),dOpenDevice,+0x020,fpRenderStateSet,0x80498954,recomp_030.cpp:174157,"RwRenderStateSet(state,value): bounds 30, jump table 0x8056FAD4",r3=RwRenderState r4=value,see rs rows,615.39,3776611,CONFIRMED,
RwGlobals@0x8060E340 ([0x805F265C]),dOpenDevice,+0x024,fpRenderStateGet,0x804984C4,recomp_005.cpp:158632,"RwRenderStateGet(state,*value): jump table 0x8056FA58",r3=state r4=out ptr,reads cache 0x805E42D0 / Im texture,181.19,1081848,CONFIRMED,
RwGlobals@0x8060E340 ([0x805F265C]),dOpenDevice,+0x028,fpIm2DRenderLine,0x80491D0C,recomp_042.cpp:170817,"RwIm2DRenderLine(verts,n,v1,v2)",r3=verts r4=n r5=v1 r6=v2,"GXBegin(GX_LINES,VTXFMT0,2)",0 (no hit in 40e9-50e9 window),0,CODE,0 static game call sites; 0 runtime hits
RwGlobals@0x8060E340 ([0x805F265C]),dOpenDevice,+0x02C,fpIm2DRenderTriangle,0x80491B08,recomp_041.cpp:155542,"RwIm2DRenderTriangle(verts,n,v1,v2,v3)",r3=verts r4=n r5..r7=indices,"GXBegin(GX_TRIANGLES,VTXFMT0,3) order v1,v2,v3",0 (no hit in 40e9-50e9 window),0,CODE,0 static game call sites; 0 runtime hits
RwGlobals@0x8060E340 ([0x805F265C]),dOpenDevice,+0x030,fpIm2DRenderPrimitive,0x80491E80,recomp_043.cpp:203657,"RwIm2DRenderPrimitive(primType,verts,n)",r3=RwPrimitiveType r4=RwIm2DVertex* (stride 0x18) r5=n,"Im2DBegin 0x8049148C; GXBegin(map[prim],VTXFMT0,n); POS xyz F32, CLR0 RGBA8, [TEX0 ST F32]; Im2DEnd 0x80491774",89.00,535243,CONFIRMED,"18 static sites/13 fns (16 TRISTRIP, 2 POLYLINE)"
RwGlobals@0x8060E340 ([0x805F265C]),dOpenDevice,+0x034,fpIm2DRenderIndexedPrimitive,0x8049245C,recomp_044.cpp:177693,"RwIm2DRenderIndexedPrimitive(prim,verts,n,idx,ni)",r3=prim r4=verts r5=n r6=u16 idx r7=ni,"GXBegin(map[prim],0,ni) with vertices dereferenced on CPU",0 (no hit in 40e9-50e9 window),0,CONFIRMED(code)/0 runtime,1 static site 0x80479A28 (TRILIST); 0 runtime hits
RwGlobals@0x8060E340 ([0x805F265C]),dOpenDevice,+0x038,fpIm3DRenderLine,NULL,,NULL in static block 0x8056F53C and in live RwGlobals: Im3D runs through RxPipelines (ImmInstance.csl / SubmitNoLight.csl),,see drv.Im3DSubmitNoLight,,,CONFIRMED,0 static call sites through the engine pointer
RwGlobals@0x8060E340 ([0x805F265C]),dOpenDevice,+0x03C,fpIm3DRenderTriangle,NULL,,NULL in static block 0x8056F53C and in live RwGlobals: Im3D runs through RxPipelines (ImmInstance.csl / SubmitNoLight.csl),,see drv.Im3DSubmitNoLight,,,CONFIRMED,0 static call sites through the engine pointer
RwGlobals@0x8060E340 ([0x805F265C]),dOpenDevice,+0x040,fpIm3DRenderPrimitive,NULL,,NULL in static block 0x8056F53C and in live RwGlobals: Im3D runs through RxPipelines (ImmInstance.csl / SubmitNoLight.csl),,see drv.Im3DSubmitNoLight,,,CONFIRMED,0 static call sites through the engine pointer
RwGlobals@0x8060E340 ([0x805F265C]),dOpenDevice,+0x044,fpIm3DRenderIndexedPrimitive,NULL,,NULL in static block 0x8056F53C and in live RwGlobals: Im3D runs through RxPipelines (ImmInstance.csl / SubmitNoLight.csl),,see drv.Im3DSubmitNoLight,,,CONFIRMED,0 static call sites through the engine pointer
RwGlobals@0x8060E340 ([0x805F265C]) stdFunc[],0,+0x048,rwSTANDARDNASTANDARD,0x80494CCC,recomp_035.cpp:170658,return FALSE stub (id absent from table),,,not measured,,CONFIRMED,absent from 0x8051D400; live RwGlobals holds 0x80494CCC
RwGlobals@0x8060E340 ([0x805F265C]) stdFunc[],1,+0x04C,rwSTANDARDCAMERABEGINUPDATE,0x804956F4,recomp_059.cpp:147172,"(NULL, RwCamera*, 0): GX view matrix 0x805E428C = inv(LTM) x viewOffset shear; projection 0x8056F4F0; pixel fmt; viewport+scissor = camera raster rect",r4=camera,"GXSetProjectionv, GXSetPixelFmt(only CAMERATEXTURE fb), GXSetViewport, GXSetScissor, GXSetScissorBoxOffset",32.00,191886,CONFIRMED,"table 0x8051D400 {id,fn} pair"
RwGlobals@0x8060E340 ([0x805F265C]) stdFunc[],2,+0x050,rwSTANDARDRGBTOPIXEL,0x80492BFC,recomp_047.cpp:169807,RwRGBA -> packed pixel for raster format,,none,0 (no hit in 40e9-50e9 window),0,CONFIRMED(live table),"table 0x8051D400 {id,fn} pair"
RwGlobals@0x8060E340 ([0x805F265C]) stdFunc[],3,+0x054,rwSTANDARDPIXELTORGB,0x80492F10,recomp_051.cpp:152716,packed pixel -> RwRGBA,,none,0 (no hit in 40e9-50e9 window),0,CONFIRMED(live table),"table 0x8051D400 {id,fn} pair"
RwGlobals@0x8060E340 ([0x805F265C]) stdFunc[],4,+0x058,rwSTANDARDRASTERCREATE,0x80497CA8,recomp_060.cpp:151869,"(NULL,RwRaster*,flags): ext init, format select 0x80497458, alloc via rwmalloc hint 0x30411",r4=raster r5=type|format flags,CAMERA/ZBUFFER = no memory (EFB); TEXTURE/CAMERATEXTURE -> GX image buffer (+GXInitTlutObj for palettes),0.00,358,CONFIRMED,"table 0x8051D400 {id,fn} pair"
RwGlobals@0x8060E340 ([0x805F265C]) stdFunc[],5,+0x05C,rwSTANDARDRASTERDESTROY,0x80498058,recomp_063.cpp:155889,waits GXDrawSync token (ext+0x30) then rwfree,r4=raster,GXSetDrawSync + wait 0x8049B7DC,0.00,74,CONFIRMED,"table 0x8051D400 {id,fn} pair"
RwGlobals@0x8060E340 ([0x805F265C]) stdFunc[],6,+0x060,rwSTANDARDIMAGEGETRASTER,0x80493A40,recomp_011.cpp:167443,RwImage <- raster,,none,0 (no hit in 40e9-50e9 window),0,CONFIRMED(live table),"table 0x8051D400 {id,fn} pair"
RwGlobals@0x8060E340 ([0x805F265C]) stdFunc[],7,+0x064,rwSTANDARDRASTERSETIMAGE,0x80494614,recomp_023.cpp:153588,raster <- RwImage (lock/convert/unlock),,GX texel encode,0.00,1,CONFIRMED,"table 0x8051D400 {id,fn} pair"
RwGlobals@0x8060E340 ([0x805F265C]) stdFunc[],8,+0x068,rwSTANDARDTEXTURESETRASTER,0x8049819C,recomp_001.cpp:150315,tex->raster = r4; tex ext+0x20 = 0x01000000 (dirty: re-InitTexObj on next bind),r3=texture r4=raster,none (deferred),29.10,175621,CONFIRMED,"table 0x8051D400 {id,fn} pair"
RwGlobals@0x8060E340 ([0x805F265C]) stdFunc[],9,+0x06C,rwSTANDARDIMAGEFINDRASTERFORMAT,0x804948D8,recomp_031.cpp:178987,pick raster format for image,,none,0 (no hit in 40e9-50e9 window),0,CONFIRMED(live table),"table 0x8051D400 {id,fn} pair"
RwGlobals@0x8060E340 ([0x805F265C]) stdFunc[],10,+0x070,rwSTANDARDCAMERAENDUPDATE,0x80495CAC,recomp_060.cpp:151807,"[0x805F26F8]=NULL, return TRUE",r4=camera,"none (no copy, no flush)",32.00,191886,CONFIRMED,"table 0x8051D400 {id,fn} pair"
RwGlobals@0x8060E340 ([0x805F265C]) stdFunc[],11,+0x074,rwSTANDARDSETRASTERCONTEXT,0x8049A570,recomp_006.cpp:154051,[0x805F2710]=raster,r4=raster,none,0 (no hit in 40e9-50e9 window),0,CONFIRMED(live table),"table 0x8051D400 {id,fn} pair"
RwGlobals@0x8060E340 ([0x805F265C]) stdFunc[],12,+0x078,rwSTANDARDRASTERSUBRASTER,0x804981B8,recomp_002.cpp:178725,"copy stride/depth/cType/cFormat from parent, cpPixels=0 (core sets offsets/size)",r3=sub r4=parent,none,2.00,12019,CONFIRMED,"table 0x8051D400 {id,fn} pair"
RwGlobals@0x8060E340 ([0x805F265C]) stdFunc[],13,+0x07C,rwSTANDARDRASTERCLEARRECT,0x8049A508,recomp_004.cpp:153226,clear rect of context raster via 0x8049A124,,ortho quad,0 (no hit in 40e9-50e9 window),0,CONFIRMED(live table),"table 0x8051D400 {id,fn} pair"
RwGlobals@0x8060E340 ([0x805F265C]) stdFunc[],14,+0x080,rwSTANDARDRASTERCLEAR,0x8049A52C,recomp_005.cpp:158748,clear whole context raster via 0x8049A124,,ortho quad,0 (no hit in 40e9-50e9 window),0,CONFIRMED(live table),"table 0x8051D400 {id,fn} pair"
RwGlobals@0x8060E340 ([0x805F265C]) stdFunc[],15,+0x084,rwSTANDARDRASTERLOCK,0x80496CA4,recomp_034.cpp:185891,lock level (mode>>8); NORMAL/TEXTURE/CAMERATEXTURE only (CAMERA/ZBUFFER -> error),r3=out r4=raster r5=mode,none (CPU pointer into GX image),0.00,3,CONFIRMED,"table 0x8051D400 {id,fn} pair"
RwGlobals@0x8060E340 ([0x805F265C]) stdFunc[],16,+0x088,rwSTANDARDRASTERUNLOCK,0x80497104,recomp_046.cpp:161378,"restore dims, DCFlushRange, GXInvalidateTexAll",r4=raster,GXInvalidateTexAll,0.00,3,CONFIRMED,"table 0x8051D400 {id,fn} pair"
RwGlobals@0x8060E340 ([0x805F265C]) stdFunc[],17,+0x08C,rwSTANDARDRASTERRENDER,0x80499A9C,recomp_056.cpp:152186,"0x80499924(src,pos,scaled=0,masked=1) -> 2D quad 0x80499394",,ortho textured quad,0 (no hit in 40e9-50e9 window),0,CONFIRMED(live table),"table 0x8051D400 {id,fn} pair"
RwGlobals@0x8060E340 ([0x805F265C]) stdFunc[],18,+0x090,rwSTANDARDRASTERRENDERSCALED,0x80499AEC,recomp_058.cpp:152554,"0x80499924(src,rect,1,1)",,ortho textured quad,0 (no hit in 40e9-50e9 window),0,CONFIRMED(live table),"table 0x8051D400 {id,fn} pair"
RwGlobals@0x8060E340 ([0x805F265C]) stdFunc[],19,+0x094,rwSTANDARDRASTERRENDERFAST,0x80499AC4,recomp_057.cpp:174661,"0x80499924(src,pos,0,0)",,ortho textured quad,0 (no hit in 40e9-50e9 window),0,CONFIRMED(live table),"table 0x8051D400 {id,fn} pair"
RwGlobals@0x8060E340 ([0x805F265C]) stdFunc[],20,+0x098,rwSTANDARDRASTERSHOWRASTER,0x80495CBC,recomp_061.cpp:156814,"present: raster arg IGNORED; queue XFB, GXFlush, GXCopyDisp(curXFB, clear=[0x805F2688]=0), GXSetDrawSync(token), token=(token+1)%0xE000, swap XFB 0x805F26A0/A4",r3=raster (unused),GXCopyDisp (the only one in-game),1.00,6108,CONFIRMED,"table 0x8051D400 {id,fn} pair"
RwGlobals@0x8060E340 ([0x805F265C]) stdFunc[],21,+0x09C,rwSTANDARDCAMERACLEAR,0x80495638,recomp_058.cpp:152189,"(camera, RwRGBA*, mode): [0x805F2688]==0 -> ClearQuad 0x80499E58 over camera fb rect",r3=camera r4=color r5=IMAGE1|Z2|STENCIL4,"full-rect GX_QUADS at z=0.99999994, blend ONE/ZERO, ZMode(1,ALWAYS,Z?)",8.00,48136,CONFIRMED,"table 0x8051D400 {id,fn} pair"
RwGlobals@0x8060E340 ([0x805F265C]) stdFunc[],22,+0x0A0,rwSTANDARDHINTRENDERF2B,0x80494CCC,recomp_035.cpp:170658,not provided (stub returns FALSE),,,not measured,,CONFIRMED,absent from 0x8051D400; live RwGlobals holds 0x80494CCC
RwGlobals@0x8060E340 ([0x805F265C]) stdFunc[],23,+0x0A4,rwSTANDARDRASTERLOCKPALETTE,0x804972B8,recomp_048.cpp:172471,return palette ptr ext+0x20,,,0 (no hit in 40e9-50e9 window),0,CONFIRMED(live table),"table 0x8051D400 {id,fn} pair"
RwGlobals@0x8060E340 ([0x805F265C]) stdFunc[],24,+0x0A8,rwSTANDARDRASTERUNLOCKPALETTE,0x80497388,recomp_049.cpp:141373,DCFlush palette,,,0 (no hit in 40e9-50e9 window),0,CONFIRMED(live table),"table 0x8051D400 {id,fn} pair"
RwGlobals@0x8060E340 ([0x805F265C]) stdFunc[],25,+0x0AC,rwSTANDARDNATIVETEXTUREGETSIZE,0x8049A57C,recomp_007.cpp:167211,stream size of GC native texture,,,0 (no hit in 40e9-50e9 window),0,CONFIRMED(live table),"table 0x8051D400 {id,fn} pair"
RwGlobals@0x8060E340 ([0x805F265C]) stdFunc[],26,+0x0B0,rwSTANDARDNATIVETEXTUREREAD,0x8049A8DC,recomp_009.cpp:161831,read GC native texture (platform 6): 88B tex header + 16B raster header + palette + u32 size + GX image,r3=stream r4=RwTexture** ,GXInvalidateTexAll,0.00,335,CONFIRMED,"table 0x8051D400 {id,fn} pair"
RwGlobals@0x8060E340 ([0x805F265C]) stdFunc[],27,+0x0B4,rwSTANDARDNATIVETEXTUREWRITE,0x8049A604,recomp_008.cpp:162134,write GC native texture,,,0 (no hit in 40e9-50e9 window),0,CONFIRMED(live table),"table 0x8051D400 {id,fn} pair"
RwGlobals@0x8060E340 ([0x805F265C]) stdFunc[],28,+0x0B8,rwSTANDARDRASTERGETMIPLEVELS,0x804966D8,recomp_021.cpp:161910,"ext+0x32+1 or log2(max(w,h))+1 when 0xFF and MIPMAP",,,0 (no hit in 40e9-50e9 window),0,CONFIRMED(live table),"table 0x8051D400 {id,fn} pair"
RwGlobals@0x8060E340 ([0x805F265C]),-,+0x0BC,dirtyFrameList,data,,RwLinkList,,none,,,CONFIRMED,live MEM1 image at 45e9
RwGlobals@0x8060E340 ([0x805F265C]),-,+0x0C4,stringFuncs.vecSprintf..vecSscanf (17 fps to +0x104),data,,C runtime string fps,,none,,,CONFIRMED,live MEM1 image at 45e9
RwGlobals@0x8060E340 ([0x805F265C]),-,+0x108,memoryFuncs.rwmalloc = 0x80050E28,data,,"RwMalloc(size,hint) - trampoline 0x80049BB8 adds 0x32 to hint",,none,,,CONFIRMED,live MEM1 image at 45e9
RwGlobals@0x8060E340 ([0x805F265C]),-,+0x10C,memoryFuncs.rwfree = 0x80050EF0,data,,RwFree - trampoline 0x80049B5C (NOT RenderStateGet),,none,,,CONFIRMED,live MEM1 image at 45e9
RwGlobals@0x8060E340 ([0x805F265C]),-,+0x110,memoryFuncs.rwrealloc = 0x80050D3C,data,,,,none,,,CONFIRMED,live MEM1 image at 45e9
RwGlobals@0x8060E340 ([0x805F265C]),-,+0x114,memoryFuncs.rwcalloc = 0x80050DDC,data,,,,none,,,CONFIRMED,live MEM1 image at 45e9
RwGlobals@0x8060E340 ([0x805F265C]),-,+0x118,memoryAlloc (freelist) = 0x80486C1C,data,,,,none,,,CONFIRMED,live MEM1 image at 45e9
RwGlobals@0x8060E340 ([0x805F265C]),-,+0x11C,memoryFree (freelist) = 0x80486C4C,data,,,,none,,,CONFIRMED,live MEM1 image at 45e9
RwGlobals@0x8060E340 ([0x805F265C]),-,+0x120,metrics = NULL,data,,,,none,,,CONFIRMED,live MEM1 image at 45e9
RwGlobals@0x8060E340 ([0x805F265C]),-,+0x124,engineStatus = 3 (STARTED),data,,,,none,,,CONFIRMED,live MEM1 image at 45e9
RwGlobals@0x8060E340 ([0x805F265C]),-,+0x128,resArenaInitSize = 0x40000,data,,,,none,,,CONFIRMED,live MEM1 image at 45e9
fpSystem requests (table 0x8056F494),0,,rwDEVICESYSTEMOPEN,0x80495124,recomp_045.cpp:180701,alloc GX FIFO,,,not measured,,CODE,
fpSystem requests (table 0x8056F494),1,,rwDEVICESYSTEMCLOSE,0x804951D8,recomp_047.cpp:170666,,,,not measured,,CODE,
fpSystem requests (table 0x8056F494),2,,rwDEVICESYSTEMSTART,0x80495214,recomp_049.cpp:141367,"GXInit, FIFO, VI config from render mode [0x805F26F4], viewport/scissor/DispCopySrc/Dst, copy filter, two-pass flag [0x805F2698], GXSetPixelFmt([0x805F268C])",,,not measured,,CODE,
fpSystem requests (table 0x8056F494),3,,rwDEVICESYSTEMSTOP,0x804954CC,recomp_052.cpp:173493,,,,not measured,,CODE,
fpSystem requests (table 0x8056F494),4,,rwDEVICESYSTEMREGISTER,0x804950A0,recomp_044.cpp:180891,copy static RwDevice 0x8056F50C into RwGlobals+0x10,,,not measured,,CODE,
fpSystem requests (table 0x8056F494),5,,rwDEVICESYSTEMGETNUMMODES,0x80494F34,recomp_040.cpp:169816,,,,not measured,,CODE,
fpSystem requests (table 0x8056F494),6,,rwDEVICESYSTEMGETMODEINFO,0x80494F44,recomp_041.cpp:156530,,,,not measured,,CODE,
fpSystem requests (table 0x8056F494),7,,rwDEVICESYSTEMUSEMODE,0x80494F18,recomp_039.cpp:144411,,,,not measured,,CODE,
fpSystem requests (table 0x8056F494),8,,rwDEVICESYSTEMFOCUS,0x80495098,recomp_043.cpp:206588,,,,not measured,,CODE,
fpSystem requests (table 0x8056F494),9,,rwDEVICESYSTEMINITPIPELINE,0x804954F0,recomp_053.cpp:174432,,,,not measured,,CODE,
fpSystem requests (table 0x8056F494),10,,rwDEVICESYSTEMGETMODE,0x80495088,recomp_042.cpp:171542,,,,not measured,,CODE,
fpSystem requests (table 0x8056F494),11,,rwDEVICESYSTEMSTANDARDS,0x804954F8,recomp_054.cpp:170677,"copy {id,fn} table 0x8051D400 into stdFunc[29]",,,not measured,,CODE,
fpSystem requests (table 0x8056F494),12,,rwDEVICESYSTEMGETTEXMEMSIZE,0x8049561C,recomp_057.cpp:173889,unsupported,,,not measured,,CODE,
fpSystem requests (table 0x8056F494),13,,rwDEVICESYSTEMGETNUMSUBSYSTEMS,0x8049561C,recomp_057.cpp:173889,unsupported,,,not measured,,CODE,
fpSystem requests (table 0x8056F494),14,,rwDEVICESYSTEMGETSUBSYSTEMINFO,0x8049561C,recomp_057.cpp:173889,unsupported,,,not measured,,CODE,
fpSystem requests (table 0x8056F494),15,,rwDEVICESYSTEMGETCURRENTSUBSYSTEM,0x8049561C,recomp_057.cpp:173889,unsupported,,,not measured,,CODE,
fpSystem requests (table 0x8056F494),16,,rwDEVICESYSTEMSETSUBSYSTEM,0x8049561C,recomp_057.cpp:173889,unsupported,,,not measured,,CODE,
fpSystem requests (table 0x8056F494),17,,rwDEVICESYSTEMFINALIZESTART,0x804954B4,recomp_050.cpp:159663,render-state reset 0x804981E8,,,not measured,,CODE,
fpSystem requests (table 0x8056F494),18,,rwDEVICESYSTEMINITIATESTOP,0x804954C0,recomp_051.cpp:153633,,,,not measured,,CODE,
fpSystem requests (table 0x8056F494),19,,rwDEVICESYSTEMGETMAXTEXTURESIZE,0x804955FC,recomp_055.cpp:176188,,,,not measured,,CODE,
fpSystem requests (table 0x8056F494),20,,rwDEVICESYSTEMRXPIPELINEREQUESTPIPE,0x8049561C,recomp_057.cpp:173889,unsupported,,,not measured,,CODE,
fpSystem requests (table 0x8056F494),21,,rwDEVICESYSTEMGETMETRICBLOCK,0x8049561C,recomp_057.cpp:173889,unsupported,,,not measured,,CODE,
fpSystem requests (table 0x8056F494),22,,rwDEVICESYSTEMGETID,0x8049560C,recomp_056.cpp:152175,,,,not measured,,CODE,
RwRenderStateSet cases (table 0x8056FAD4),0,,rwRENDERSTATENARENDERSTATE,0x80498F58,recomp_051.cpp:153647,return FALSE,r31=value,none,615.39,3776611,CODE,
RwRenderStateSet cases (table 0x8056FAD4),1,,rwRENDERSTATETEXTURERASTER,0x80498C18,recomp_039.cpp:147833,"if raster != ImTex->raster: TextureSetRaster(ImTex=[0x805F270C], raster)",r31=value,"deferred: bound at next Im2D/Im3D prim via 0x80498854 -> 0x8049AC88(ImTex, GX_TEXMAP0)",35.00,259978,CONFIRMED,
RwRenderStateSet cases (table 0x8056FAD4),2,,rwRENDERSTATETEXTUREADDRESS,0x80498B6C,recomp_035.cpp:170716,value 4 (BORDER) rejected; ImTex+0x50 bits8-15 = v|(v<<4),r31=value,"wrap S/T via table 0x8056FCC8 {0:CLAMP,1:REPEAT,2:MIRROR,3:CLAMP,4:CLAMP}",2.00,12008,CONFIRMED,
RwRenderStateSet cases (table 0x8056FAD4),3,,rwRENDERSTATETEXTUREADDRESSU,0x80498BA4,recomp_036.cpp:144577,BORDER rejected; ImTex+0x50 bits 8-11,r31=value,wrapS,12.00,71483,CONFIRMED,
RwRenderStateSet cases (table 0x8056FAD4),4,,rwRENDERSTATETEXTUREADDRESSV,0x80498BD0,recomp_037.cpp:162586,BORDER rejected; ImTex+0x50 bits 12-15,r31=value,wrapT,12.00,71483,CONFIRMED,
RwRenderStateSet cases (table 0x8056FAD4),5,,rwRENDERSTATETEXTUREPERSPECTIVE,0x80498E48,recomp_047.cpp:170678,"returns value, no state",r31=value,none,0 (no hit in 40e9-50e9 window),0,CODE,
RwRenderStateSet cases (table 0x8056FAD4),6,,rwRENDERSTATEZTESTENABLE,0x80498CA4,recomp_041.cpp:156541,"cache +0x04; on: GXSetZMode(1,GX_LEQUAL,zwrite) off: GXSetZMode(1,GX_ALWAYS,zwrite); cache +0x08=func",r31=value,compare stays ENABLED; 'test off' = ALWAYS so z-write still works,49.00,293759,CONFIRMED,
RwRenderStateSet cases (table 0x8056FAD4),7,,rwRENDERSTATESHADEMODE,0x80498E30,recomp_045.cpp:180712,returns (value==rwSHADEMODEGOURAUD); no state,r31=value,none (always Gouraud),2.00,12008,CONFIRMED,
RwRenderStateSet cases (table 0x8056FAD4),8,,rwRENDERSTATEZWRITEENABLE,0x80498C38,recomp_040.cpp:169827,"cache +0x00; GXSetZMode(1,cache+0x08,value)",r31=value,z update,48.00,287755,CONFIRMED,
RwRenderStateSet cases (table 0x8056FAD4),9,,rwRENDERSTATETEXTUREFILTER,0x80498BFC,recomp_038.cpp:161172,ImTex+0x50 low byte = value (no validation),r31=value,min/mag via table 0x8056FC90,43.00,307270,CONFIRMED,
RwRenderStateSet cases (table 0x8056FAD4),10,,rwRENDERSTATESRCBLEND,0x80498D38,recomp_042.cpp:171553,"valid 1,2,5..10; cache +0x34; GXSetBlendMode(GX_BM_BLEND, map[src], map[cache dst], GX_LO_CLEAR)",r31=value,"map 0x8056FA28 {1:ZERO,2:ONE,5:SRCALPHA,6:INVSRCALPHA,7:DSTALPHA,8:INVDSTALPHA,9:DSTCLR(2),10:INVDSTCLR(3)}",136.19,813467,CONFIRMED,
RwRenderStateSet cases (table 0x8056FAD4),11,,rwRENDERSTATEDESTBLEND,0x80498DC0,recomp_043.cpp:206599,"valid 1..8; cache +0x38; GXSetBlendMode(GX_BM_BLEND, map[cache src], map[dst], CLEAR)",r31=value,dst 3/4 = SRCCLR/INVSRCCLR,136.19,813467,CONFIRMED,
RwRenderStateSet cases (table 0x8056FAD4),12,,rwRENDERSTATEVERTEXALPHAENABLE,0x80498F58,recomp_051.cpp:153647,NO-OP: jump-table entry = common exit with r6=0 -> returns FALSE,r31=value,none (blending is always on),615.39,3776611,CODE,
RwRenderStateSet cases (table 0x8056FAD4),13,,rwRENDERSTATEBORDERCOLOR,0x80498E40,recomp_046.cpp:162223,returns FALSE,r31=value,none,0 (no hit in 40e9-50e9 window),0,CODE,
RwRenderStateSet cases (table 0x8056FAD4),14,,rwRENDERSTATEFOGENABLE,0x80498990,recomp_031.cpp:179647,"on: if !cache+0x10 {copy cam near/far/fogPlane; GXSetFog(typeMap[cache+0x14], startz=fogPlane, endz=far|override, nearz=near, farz=far, color)} off: GXSetFog(GX_FOG_NONE,5,10,0.05,10,color)",r31=value,"typeMap 0x8056FA18 {0:NONE,1:LIN(2),2:EXP(4),3:EXP2(5)}",51.00,301537,CONFIRMED,
RwRenderStateSet cases (table 0x8056FAD4),15,,rwRENDERSTATEFOGCOLOR,0x80498A80,recomp_032.cpp:189817,"value=A<<24|R<<16|G<<8|B; if changed: cache GXColor +0x1C; GXSetFog(typeMap[type], cam fogPlane, cam far, cam near, cam far, color) - IGNORES fog enable",r31=value,re-arms fog even when RW fog is off,1.00,6004,CONFIRMED,
RwRenderStateSet cases (table 0x8056FAD4),16,,rwRENDERSTATEFOGTYPE,0x80498AF8,recomp_033.cpp:166059,only 1 (LINEAR) accepted; GXSetFog(...) like FOGCOLOR,r31=value,GX_FOG_LIN,1.00,6004,CONFIRMED,
RwRenderStateSet cases (table 0x8056FAD4),17,,rwRENDERSTATEFOGDENSITY,0x80498B64,recomp_034.cpp:188183,returns FALSE,r31=value,none,0 (no hit in 40e9-50e9 window),0,CODE,
RwRenderStateSet cases (table 0x8056FAD4),18,,rwRENDERSTATE(dead legacy),0x80498F58,recomp_051.cpp:153647,FALSE,r31=value,,615.39,3776611,CODE,
RwRenderStateSet cases (table 0x8056FAD4),19,,rwRENDERSTATE(dead legacy),0x80498F58,recomp_051.cpp:153647,FALSE,r31=value,,615.39,3776611,CODE,
RwRenderStateSet cases (table 0x8056FAD4),20,,rwRENDERSTATECULLMODE,0x80498E50,recomp_048.cpp:172915,cache +0x0C; GXSetCullMode(value-1),r31=value,"RW NONE1->GX_CULL_NONE0, RW BACK2->GX_CULL_FRONT1, RW FRONT3->GX_CULL_BACK2 (winding flip)",47.00,282539,CONFIRMED,
RwRenderStateSet cases (table 0x8056FAD4),21,,rwRENDERSTATESTENCIL*,0x80498F58,recomp_051.cpp:153647,returns FALSE (no stencil on GC),r31=value,none,615.39,3776611,CODE,
RwRenderStateSet cases (table 0x8056FAD4),22,,rwRENDERSTATESTENCIL*,0x80498F58,recomp_051.cpp:153647,returns FALSE (no stencil on GC),r31=value,none,615.39,3776611,CODE,
RwRenderStateSet cases (table 0x8056FAD4),23,,rwRENDERSTATESTENCIL*,0x80498F58,recomp_051.cpp:153647,returns FALSE (no stencil on GC),r31=value,none,615.39,3776611,CODE,
RwRenderStateSet cases (table 0x8056FAD4),24,,rwRENDERSTATESTENCIL*,0x80498F58,recomp_051.cpp:153647,returns FALSE (no stencil on GC),r31=value,none,615.39,3776611,CODE,
RwRenderStateSet cases (table 0x8056FAD4),25,,rwRENDERSTATESTENCIL*,0x80498F58,recomp_051.cpp:153647,returns FALSE (no stencil on GC),r31=value,none,615.39,3776611,CODE,
RwRenderStateSet cases (table 0x8056FAD4),26,,rwRENDERSTATESTENCIL*,0x80498F58,recomp_051.cpp:153647,returns FALSE (no stencil on GC),r31=value,none,615.39,3776611,CODE,
RwRenderStateSet cases (table 0x8056FAD4),27,,rwRENDERSTATESTENCIL*,0x80498F58,recomp_051.cpp:153647,returns FALSE (no stencil on GC),r31=value,none,615.39,3776611,CODE,
RwRenderStateSet cases (table 0x8056FAD4),28,,rwRENDERSTATESTENCIL*,0x80498F58,recomp_051.cpp:153647,returns FALSE (no stencil on GC),r31=value,none,615.39,3776611,CODE,
RwRenderStateSet cases (table 0x8056FAD4),29,,rwRENDERSTATEALPHATESTFUNCTION,0x80498E78,recomp_049.cpp:141800,cache +0x40 = value-1 (GX_NEVER..ALWAYS); emits GXSetAlphaCompare only when mode+0x3C != 1,r31=value,see 0x804987C8 / 0x80498F74,0 (no hit in 40e9-50e9 window),0,CODE,
RwRenderStateSet cases (table 0x8056FAD4),30,,rwRENDERSTATEALPHATESTFUNCTIONREF,0x80498F18,recomp_050.cpp:162669,cache byte +0x4C; emit when mode != 1,r31=value,ref0,0 (no hit in 40e9-50e9 window),0,CODE,
driver-private entry points,-,,drv.TextureBind,0x8049AC88,recomp_013.cpp:183295,"RwGameCubeTextureBind(RwTexture* or NULL->white 4x4, GXTexMapID)",,"GXInitTexObj[CI]+GXInitTexObjLOD when dirty or filterAddressing changed; GXLoadTlut(parentExt+0,map) for CI; GXLoadTexObj(texObj,map); bound[map]=tex @0x8056FCDC",273.29,1673008,CONFIRMED,"13 callers: pipelines 0x80449D54 0x8044EEC4 0x80463964, matfx 0x804A3F74.. 0x804A55CC, EMBM 0x804A7AAC, Im 0x80498854"
driver-private entry points,-,,drv.LoadWorldViewMatrix,0x804960FC,recomp_063.cpp:155339,"RwGameCubeSetTransform(RwMatrix* world|NULL, RwBool normals)",,"M = world x view(0x805E428C); GX row0=(-rx,-ux,-ax,-px) row1=(ry,uy,ay,py) row2=(-rz,-uz,-az,-pz); GXLoadPosMtxImm(PNMTX0) [+GXLoadNrmMtxImm]; GXSetCurrentMtx(0)",91.10,586310,CONFIRMED,6 callers (pipelines + Im3D)
driver-private entry points,-,,drv.GetDeviceBlock,0x804960F0,recomp_062.cpp:171303,return &static RwDevice 0x8056F50C,,,not measured,,CODE,REGISTER + RwEngineInit
driver-private entry points,-,,drv.CameraTextureCopy,0x80496208,recomp_000.cpp:134733,"RwGameCubeCameraTextureCopy(RwRaster* dst(sub of CAMERATEXTURE), RwBool halfRes)",,"GXSetCopyFilter(off); GXSetTexCopySrc(dst offset/size, x2 if halfRes); GXSetTexCopyDst(parent w,h, parentExt fmt, mipmap=halfRes); GXCopyTex(parentPixels+offset, clear=[0x805F2688]=0); GXPixModeSync; restore copy filter from render mode; GXInvalidateTexRegion/All",9.00,54036,CONFIRMED,"called by effect code directly (SaveScreen, glare, shimmer)"
driver-private entry points,-,,drv.ClearQuad,0x80499E58,recomp_060.cpp:153582,"(raster, RwRect*, RwRGBA*, clearMode)",,"ZMode(1,ALWAYS,Z?) [+ColorUpdate(0) if Z only]; ChanMatColor(COLOR0A0,color); Blend(BLEND,ONE,ZERO,CLEAR); Cull NONE; alpha policy 1; fog off; 2D setup 0x80499B14; GX_QUADS 4 verts z=0.99999994; restore blend/zmode/cull/colorupdate(1)/fog",8.00,48136,CONFIRMED,only via CAMERACLEAR
driver-private entry points,-,,drv.Im2DBegin,0x8049148C,recomp_039.cpp:142941,Im2D per-primitive GX setup,,"VtxDesc POS/CLR0[/TEX0]; 1 TEV stage MODULATE|PASSCLR; chan COLOR0A0 mat=VTX; viewport (0,0,fbW,xfbH,0,1); save+set ortho proj 0x8056F13C; PosMtx 0x8056F158 = translate(nOffX+0.5,nOffY+0.5) * scaleZ(-1)",89.00,535243,CONFIRMED,
driver-private entry points,-,,drv.Im2DEnd,0x80491774,recomp_040.cpp:168108,Im2D restore,,if camera fb is a sub-raster: viewport+scissor back to sub rect; GXSetProjectionv(saved 0x805E4218),89.00,535243,CONFIRMED,
driver-private entry points,-,,drv.ImTextureBindAlphaPolicy,0x80498854,recomp_028.cpp:189067,bind Im texture to TEXMAP0 + alpha policy from raster alpha,,"if ImTex->raster: 0x8049AC88(ImTex,0); mode = !(parentExt+0x14 & 1); if changed: mode1 -> AlphaCompare(ALWAYS,0,AND,ALWAYS,0)+ZCompLoc(1) else cached compare+ZCompLoc(0)",87.00,572406,CONFIRMED,Im2D/Im3D/raster render
driver-private entry points,-,,drv.AlphaTestZCompLocPolicy,0x804987C8,recomp_027.cpp:165077,RwGameCubeSetAlphaTestMode(mode),,"mode 1: GXSetAlphaCompare(ALWAYS,0,AND,ALWAYS,0), GXSetZCompLoc(GX_TRUE); mode 0: GXSetAlphaCompare(cached), GXSetZCompLoc(GX_FALSE); only on change (cache +0x3C)",194.19,1147646,CONFIRMED,17 callers incl. RenderLevel payload 0x80046D80 and pipelines
driver-private entry points,-,,drv.SetAlphaCompareFull,0x80498F74,recomp_052.cpp:173504,"RwGameCubeSetAlphaCompare(comp0,ref0,op,comp1,ref1)",,"if mode != 1 emit the PREVIOUS cached compare, then store new values, +0x4E=1 (new values reach GX only at the next emit)",19.00,113735,CONFIRMED,"6 callers, all fragments of 0x80046D80"
driver-private entry points,-,,drv.RenderStateReset,0x804981E8,recomp_003.cpp:162536,device FINALIZESTART,,"defaults: ZMode(1,LEQUAL,1) ZCompLoc(1) AlphaCompare(ALWAYS) Blend(BLEND,SRCALPHA,INVSRCALPHA) Cull FRONT ChanCtrl(all 4 chans off) ChanMatColor(0xFFFFFFFF) Color/AlphaUpdate(1) CopyClear({255,255,255,255}, 0xFFFFFF) CurrentMtx(0); cache: zwrite=1 ztest=1 zfunc=LEQUAL cull=BACK src=SRCALPHA dst=INVSRCALPHA fog off type LINEAR alpha mode=1 comp0=GREATER ref0=0; Im texture + white 4x4 RGB565 raster",0.00,2,CONFIRMED,2 hits (boot)
driver-private entry points,-,,drv.FogEnableDirect,0x804986B8,recomp_026.cpp:161731,fog on/off without RenderStateSet,,same as FOGENABLE case,0 (no hit in 40e9-50e9 window),0,CONFIRMED,ClearQuad only
driver-private entry points,-,,drv.BlendModeDirect,0x80498910,recomp_029.cpp:172297,"GXSetBlendMode(BLEND, map[src], map[dst], CLEAR)",,,8.00,48136,CONFIRMED,ClearQuad restore / raster render
driver-private entry points,-,,drv.Im3DInstanceNode,0x804A0B4C,recomp_026.cpp:162407,ImmInstance.csl node: [0x805F2748]=*param,,,0.00,49912,CONFIRMED,0 in-stage
driver-private entry points,-,,drv.Im3DSubmitNoLightNode,0x804A0B68,recomp_028.cpp:189466,SubmitNoLight.csl node,,"SetTransform(stash+0x10 ltm,0); POS/CLR0[/TEX0]; GXBegin(map 0x8056FD00[prim], n) from 36-byte RwIm3DVertex",0.00,49912,CONFIRMED,"49,912 boot/menu hits, 0 in-stage"
driver-private entry points,-,,drv.TextureSetLODParams,0x8049B568,recomp_014.cpp:174883,"(RwTexture*, biasClamp, edgeLOD, maxAniso, f1=lodBias)",,"re-InitTexObj + GXInitTexObjLOD(min,mag,0,maxLod,bias,clamp,edge,aniso)",not measured,,CODE,"callers 0x8049A8DC, game 0x80038BB0, 0x80039550"
driver-private entry points,-,,drv.RasterPluginRegister,0x80496440,recomp_007.cpp:167010,"RwRasterRegisterPlugin(0x34, id 0x40C) -> [0x805F2700]",,,not measured,,CODE,
driver-private entry points,-,,drv.RasterSelectFormat,0x80497458,recomp_050.cpp:159669,"type/format -> ext GX fmt, tlut fmt, alpha, depth, cFormat",,,not measured,,CODE,
RW core API wrappers,-,,RwCameraBeginUpdate,0x8048652C,recomp_060.cpp:150782,camera->beginUpdate(cam) (+0x18): RpWorld 0x80461B6C -> core 0x804863A4 -> stdFunc[1],,,32.00,191886,CONFIRMED,
RW core API wrappers,-,,RwCameraEndUpdate,0x80486504,recomp_058.cpp:151020,camera->endUpdate(cam) (+0x1C): 0x80474EEC -> core 0x80486340 -> stdFunc[10] -> curCamera=NULL,,,32.00,191886,CONFIRMED,
RW core API wrappers,-,,core.CameraBeginUpdateDefault,0x804863A4,recomp_054.cpp:169907,curCamera=cam; frame sync 0x8048C3A4; stdFunc[1],,,32.00,191886,CONFIRMED,
RW core API wrappers,-,,core.CameraEndUpdateDefault,0x80486340,recomp_052.cpp:172255,stdFunc[10]; curCamera=NULL,,,32.00,191886,CONFIRMED,
RW core API wrappers,-,,RwCameraClear,0x8048680C,recomp_002.cpp:175658,"stdFunc[21](cam,color,mode)",,,8.00,48136,CONFIRMED,
RW core API wrappers,-,,RwRasterShowRaster,0x8048AD94,recomp_056.cpp:151757,"stdFunc[20](raster,dev,flags)",,,1.00,6108,CONFIRMED,
RW core API wrappers,-,,RwRasterCreate,0x8048AF0C,recomp_061.cpp:156144,stdFunc[4],,,0.00,358,CONFIRMED,
RW core API wrappers,-,,RwRasterDestroy,0x8048AC2C,recomp_049.cpp:140867,stdFunc[5],,,0.00,74,CONFIRMED,
RW core API wrappers,-,,RwRasterLock,0x8048AFC0,recomp_062.cpp:170880,stdFunc[15],,,0.00,3,CONFIRMED,
RW core API wrappers,-,,RwRasterUnlock,0x8048AB90,recomp_045.cpp:180209,stdFunc[16],,,0.00,3,CONFIRMED,
RW core API wrappers,-,,RwRasterSubRaster,0x8048AE14,recomp_058.cpp:151516,sub.w/h=rect.w/h; sub.nOffset=parent.nOffset+rect.xy; stdFunc[12],,,2.00,12019,CONFIRMED,
RW core API wrappers,-,,RwTextureSetRaster,0x8048DA50,recomp_041.cpp:155330,stdFunc[8],,,0.00,73,CONFIRMED,
RW core API wrappers,-,,RwTextureCreate,0x8048DD2C,recomp_051.cpp:152592,alloc + stdFunc[8],,,0.00,337,CONFIRMED,
RW core API wrappers,-,,RpWorld camera begin override,0x80461B6C,recomp_042.cpp:165989,curWorld = camera plugin world; renderFrame++; tail-call saved begin,,,not measured,,CODE,
RW core API wrappers,-,,camera end override,0x80474EEC,recomp_008.cpp:160467,tail-call [0x805E2DA8],,,not measured,,CODE,
"GX SDK sinks (all callers, not only RwGC)",-,,GXBegin,0x80396934,,,,,113.00,727192,CONFIRMED,"counts include non-RwGC callers (pipelines, CSD, display lists)"
"GX SDK sinks (all callers, not only RwGC)",-,,GXSetCullMode,0x80396B54,,,,,26.00,155018,CONFIRMED,"counts include non-RwGC callers (pipelines, CSD, display lists)"
"GX SDK sinks (all callers, not only RwGC)",-,,GXSetCopyFilter,0x80397228,,,,,18.00,108075,CONFIRMED,"counts include non-RwGC callers (pipelines, CSD, display lists)"
"GX SDK sinks (all callers, not only RwGC)",-,,GXCopyDisp,0x80397444,,,,,1.00,6108,CONFIRMED,"counts include non-RwGC callers (pipelines, CSD, display lists)"
"GX SDK sinks (all callers, not only RwGC)",-,,GXCopyTex,0x803975AC,,,,,9.00,54036,CONFIRMED,"counts include non-RwGC callers (pipelines, CSD, display lists)"
"GX SDK sinks (all callers, not only RwGC)",-,,GXInitTexObj,0x80397E34,,,,,23.10,140027,CONFIRMED,"counts include non-RwGC callers (pipelines, CSD, display lists)"
"GX SDK sinks (all callers, not only RwGC)",-,,GXInitTexObjCI,0x80398080,,,,,13.00,79400,CONFIRMED,"counts include non-RwGC callers (pipelines, CSD, display lists)"
"GX SDK sinks (all callers, not only RwGC)",-,,GXLoadTexObj,0x8039843C,,,,,273.29,1673016,CONFIRMED,"counts include non-RwGC callers (pipelines, CSD, display lists)"
"GX SDK sinks (all callers, not only RwGC)",-,,GXLoadTexObjPreLoaded,0x803982C0,,,,,273.29,1673016,CONFIRMED,"counts include non-RwGC callers (pipelines, CSD, display lists)"
"GX SDK sinks (all callers, not only RwGC)",-,,GXLoadTlut,0x803984C8,,,,,187.19,1161789,CONFIRMED,"counts include non-RwGC callers (pipelines, CSD, display lists)"
"GX SDK sinks (all callers, not only RwGC)",-,,GXSetAlphaCompare,0x80399778,,,,,47.00,279919,CONFIRMED,"counts include non-RwGC callers (pipelines, CSD, display lists)"
"GX SDK sinks (all callers, not only RwGC)",-,,GXSetFog,0x80399A0C,,,,,38.00,223097,CONFIRMED,"counts include non-RwGC callers (pipelines, CSD, display lists)"
"GX SDK sinks (all callers, not only RwGC)",-,,GXSetBlendMode,0x80399D44,,,,,162.39,972383,CONFIRMED,"counts include non-RwGC callers (pipelines, CSD, display lists)"
"GX SDK sinks (all callers, not only RwGC)",-,,GXSetZMode,0x80399DF0,,,,,28.00,167295,CONFIRMED,"counts include non-RwGC callers (pipelines, CSD, display lists)"
"GX SDK sinks (all callers, not only RwGC)",-,,GXSetZCompLoc,0x80399E24,,,,,40.00,237923,CONFIRMED,"counts include non-RwGC callers (pipelines, CSD, display lists)"
"GX SDK sinks (all callers, not only RwGC)",-,,GXSetPixelFmt,0x80399E58,,,,,0.00,3,CONFIRMED,"counts include non-RwGC callers (pipelines, CSD, display lists)"
"GX SDK sinks (all callers, not only RwGC)",-,,GXSetProjectionv,0x8039A158,,,,,218.00,1310515,CONFIRMED,"counts include non-RwGC callers (pipelines, CSD, display lists)"
"GX SDK sinks (all callers, not only RwGC)",-,,GXLoadPosMtxImm,0x8039A22C,,,,,188.10,1169690,CONFIRMED,"counts include non-RwGC callers (pipelines, CSD, display lists)"
"GX SDK sinks (all callers, not only RwGC)",-,,GXSetViewport,0x8039A49C,,,,,129.00,775268,CONFIRMED,"counts include non-RwGC callers (pipelines, CSD, display lists)"
"GX SDK sinks (all callers, not only RwGC)",-,,GXSetViewportJitter,0x8039A444,,,,,0 (no hit in 40e9-50e9 window),0,CONFIRMED,"counts include non-RwGC callers (pipelines, CSD, display lists)"
"GX SDK sinks (all callers, not only RwGC)",-,,GXSetScissor,0x8039A4E4,,,,,40.00,240025,CONFIRMED,"counts include non-RwGC callers (pipelines, CSD, display lists)"
