seq,attach_group,render_level,task_runtime_name,exec_addr,worker_addr,generated_src,pass_kind,camera_viewport_scissor,render_state,reads,writes,texcopies_per_frame_FH,copy_dest_rect_format,clears_per_frame_FH,im2d_prims_per_frame_FH,other_gx_per_frame_FH,status_stg0604_FH,status_stg0602_Lava,gc_limitation_only,confidence,notes
1,Start,PreRender,RenderStart,0x801D032C,0x8048680C->0x80495638->0x80499E58,recomp_022.cpp:41277,clear,"quad over camera fb rect (0,0,640,480); fn_80499B14 sets viewport (0,0,640,480,0,1) scissor (0,0,640,480)","ZMode(on,ALWAYS,write); blend ONE/ZERO; cull NONE; alpha-test off; fog off; COLOR0 mat colour = clear colour; z=0.99999994 (~0xFFFFFE)","clear colour RwRGBA at 0x8057E760 (FH/Lava = 0,0,0,0xE8; alpha ignored by RGB8 EFB)","EFB RGB <- clear colour; Z <- far",0,-,1,0,GXBegin quads 1,active,active,"yes (native: RT colour+depth clear)",CONFIRMED,"RwCameraClear(cam,&V[0],rwCAMERACLEARIMAGE|rwCAMERACLEARZ); GX copy-clear flag 0x805F2688 is 0 so no GXCopy ever clears"
2,Start,PreRender,EffectDeleteResourceTask,0x801D2E78,0x80433448,recomp_020.cpp:46926,resource,-,-,E+0x2C pending-delete list,frees textures,0,-,0,0,-,active,active,no (resource lifetime),CODE,"no GX; safe point before any draw"
3,Div,(group exec),RenderAttach_Div,0x801E4EF0,0x8027211C/0x80271F9C,recomp_017.cpp:40990,viewport select,"1P: layout 0 + camera[V+0x64]; 2P modes 1/2 re-run all 13 world levels per viewport (layouts 1,2 or 3,4)",-,V=0x8057E760 +0x60 mode,camMgr layout/camera,0,-,0,0,fn_8027211C x1 fn_80271F9C x1,active (mode 0),active (mode 0),no,CONFIRMED,"per-frame calls 0x8027211C=3 0x80271F9C=2 in 1P (Div+Static+Set2D)"
4,Div,OpeqWorld,LandDispManager_N,0x8004620C,0x800471BC,recomp_029.cpp:6394,world geometry,"per RpWorld: RwCameraBeginUpdate -> viewport/scissor = camera fb (0,0,640,480)","flags 0x28 via fn_80046D80: SRCALPHA/INVSRCALPHA, ZTEST 1 ZWRITE 1 (LEQUAL), alpha GREATER 1 (late z), TEXTUREFILTER LINEAR, CULL BACK, fog off",RpWorld display lists,EFB colour+Z,0,-,0,0,"15 LandDispManager execs/frame; ~10 world renders; GXCallDisplayList 176.3/frame for ALL RW geometry",active,active,no,CONFIRMED,"table 0x8051E328 entry 0; runtime tree walk (stg0602)"
5,Div,OpeqWorld (child of LandDispManager_N),FullScreenShimmerDraw,0x801D25F0,0x8043803C->0x804369CC (+frag 0x80436A64),recomp_052.cpp:40325 / recomp_063.cpp:128102,copy + distorted mesh,"cam begin; Im2D viewport (0,0,640,480); posmtx +0.5","SRCALPHA/INVSRCALPHA; VERTEXALPHA; ZTEST 0 ZWRITE 0; FOG 0; FILTER NEAREST; CULL NONE; Im2D TRISTRIP [S+0xA4] count [S+0xB4]","EFB after land N only; S params S+0x0C..0x40, phases S+0xBC/0xC0 (advanced by Sub task 0x801D2564 in Layer16)","E+0x34 parent (0xC1EE60) 640x480 RGBA8; EFB colour",0,"(0,0,640,480) -> E+0x34 parent RGBA8 [Lava only]",0,0,-,gated (S+0x0C=0),"active: 1 copy + 1 Im2D strip of 544 verts (16x16 grid), vertex A=S+0x0D=255",partly (copy; native = scene-colour resolve after land N),CONFIRMED,"distorts only what is in the EFB at that point (land N); everything later is undistorted"
6,Div,OpeqWorld,LandDispManager_D/OS/OSL/O/OW/OL/P,0x8004620C,0x800471BC,recomp_029.cpp:6394,world geometry,camera fb,"D 0x28; OS/O 0x2C (+fog); OSL/OL 0x2D (+fog +lights); OW 0x3C (+fog, cull none); P 0x80C (punch: SRCALPHA/INVSRCALPHA, ZWRITE 1, alpha GREATER 200, late z, +fog, linear)",RpWorlds,EFB,0,-,0,0,see row 4,active,active,no,CONFIRMED,"PunchWorld level has NO land; punch land is drawn here"
7,Div,Opeq,CameraRender + RenderUnit(s) + EffectDrawOpaq + TFogSet,0x801D04D4 / 0x8004E390 / 0x801D2B14 / 0x8016A904,0x80046D80 / bucket 0 via 0x8002774C->0x804261C0,recomp_027.cpp:46109 / recomp_006.cpp:39154,objects + effects,"CameraRender = RwCameraBeginUpdate (+RpWorldAddCamera, lights)","level flags 0x20 (default arm): SRCALPHA/INVSRCALPHA, ZTEST 1 ZWRITE 1, alpha GREATER 1, filter per-raster, CULL BACK, fog off; elements override per draw",object/effect geometry,EFB,0,-,0,0,"bucket walker 7/frame total; vertex-stream pipeline cb 0x80449D54 16/frame (all buckets)",active,active,no,CONFIRMED,"TFogSet (flags 0x0000, not run while paused) programs fog after OpeqWorld"
8,Div,PunchWorld,CameraRenderClose,0x801D0418,0x80486504,recomp_025.cpp:38661,state close,RwCameraEndUpdate + RpWorldRemoveCamera,-,-,-,0,-,0,0,-,active,active,no,CONFIRMED,"closes Opeq's CameraRender; does NOT reset render states"
9,Div,Punch,CameraRender + EffectDrawPunch,0x801D04D4 / 0x801D2B90,bucket 1,recomp_008.cpp:38742,effects,camera fb,"flags 0x800: SRCALPHA/INVSRCALPHA ZTEST 1 ZWRITE 1 alpha GREATER 200 late z CULL BACK",effect elements,EFB,0,-,0,0,-,active,active,no,CONFIRMED,-
10,Div,TransWorld,CameraRenderClose + LandDispManager_AF/A/AL,0x801D0418 / 0x8004620C,0x800471BC,recomp_029.cpp:6394,world geometry,camera fb,"AF/A 0x5C: SRCALPHA/INVSRCALPHA ZTEST 1 ZWRITE 0, alpha ALWAYS (early z), CULL NONE, fog, LINEAR; AL 0x4D (+lights, cull back)",RpWorlds,EFB colour,0,-,0,0,-,active,active,no,CONFIRMED,-
11,Div,Trans,CameraRender + RenderUnit + EffectDrawTrans + stage tasks,0x801D04D4 / 0x801D2C0C,bucket 2,recomp_010.cpp:45701,objects + effects,camera fb,"flags 0x40: SRCALPHA/INVSRCALPHA ZTEST 1 ZWRITE 0 alpha ALWAYS early z CULL BACK",geometry,EFB colour,0,-,0,0,-,active,active,no,CONFIRMED,-
12,Div,AddWorld,CameraRenderClose + LandDispManager_K/M,0x801D0418 / 0x8004620C,0x800471BC,recomp_029.cpp:6394,world geometry,camera fb,"K 0x9C: SRCALPHA/ONE ZTEST 1 ZWRITE 0 early z CULL NONE fog LINEAR; M 0x11C: INVDESTCOLOR/ZERO (GX INVDSTCLR,ZERO) CULL NONE fog LINEAR",RpWorlds,EFB colour,0,-,0,0,-,active,active,no,CONFIRMED,"M = colour-invert world class"
13,Div,Add,CameraRender + EffectDrawAdd + EffectDrawSub (+Eff::Belt/LocusMultiVtx where present),0x801D04D4 / 0x801D2C88 / 0x801D2D04,buckets 3 and 4,recomp_012.cpp:45044,effects,camera fb,"flags 0x80: SRCALPHA/ONE ZTEST 1 ZWRITE 0; Sub elements use GXSetBlendMode(SUBTRACT) at 0x804381C4/0x80438570",effect elements,EFB colour,0,-,0,0,-,active,active,no,CONFIRMED,-
14,Div,GlareWorld,CameraRenderClose,0x801D0418,0x80486504,recomp_025.cpp:38661,state close,-,-,-,-,0,-,0,0,-,active,active,no,CONFIRMED,-
15,Div,GlareWorld,PreGlare,0x801D266C,0x80431968->0x80430D64,recomp_034.cpp:137335,scene save + glare-source clear,"no cam begin for copy; RwCameraClear quad over camera fb","clear: ZMode(on,ALWAYS,no write) colour (0,0,0,0) replace","EFB (finished opaque/punch/trans/add scene); gate G+0x08 && G+0xE0 && (G+0xE1||G+0xE2)","E+0x38 parent (0xD4AEA0) 640x480 RGBA8 <- scene; EFB colour <- black; Z untouched",1,"camera fb rect (0,0,640,480) -> E+0x38 parent RGBA8",1,0,-,active,active,yes (native: render glare sources into a separate RT sharing scene depth),CONFIRMED,"split-screen: re-creates 128/64 offset sub-rasters G+0x14/G+0x1C when viewport offset != 0"
16,Div,GlareWorld,DrawGlobalLensFlare (pass 1),0x801D2928,0x8043329C (update 0x80432360) + 0x80433270->0x80431E38,recomp_000.cpp:32492 / recomp_050.cpp:128854,sprite chain into glare source,cam begin; Im2D,"save 7 states; SRCALPHA/ONE; VERTEXALPHA; ZWRITE 0; FOG 0; FILTER NEAREST; sun sprite (elem 0) ZTEST 1, chain ZTEST 0; wash quad LF+0x2C ONE/ONE untextured (pass 0 only)","LF+0x04 enable; LF+0x8C/0x8D hidden flags (1=hidden); LENSFLARE.TXD textures",EFB glare source,0,-,0,0,"LF draw 2 calls/frame (both passes); update 1/frame",gated (LF+0x04=0),gated (LF+0x04=0),no,CONFIRMED (gating) / CODE (draw),"sun sprite is DEPTH-TESTED against scene Z -> occlusion; corrects doc 10 negative result"
17,Div,GlareWorld,EffectDrawGlare,0x801D2D80,"0x80027640 (cam begin) -> 0x804261C0(E,5)",recomp_016.cpp:48524,glare emitters,RwCameraBeginUpdate/EndUpdate around walker,per element (typically additive),bucket-5 elements,EFB glare source,0,-,0,0,-,active,active,no,CONFIRMED,"GlareWorld has no CameraRender payload so the wrapper brackets the camera itself"
18,Div,GlareWorld,LandDispManager_G / LandDispManager_GL,0x8004620C,0x800471BC,recomp_029.cpp:6394,glare world geometry,camera fb,"G 0x98 / GL 0x99: SRCALPHA/ONE ZTEST 1 ZWRITE 0 early z CULL NONE LINEAR no fog (GL +lights)",RpWorlds,EFB glare source (depth-tested vs scene Z),0,-,0,0,-,active,active,no,CONFIRMED,-
19,Div,GlareWorld,DrawGlobalLensFlareAnother (pass 0),0x801D2A94,0x80433270->0x80431E38,recomp_004.cpp:41057,sprite chain + wash,as row 16,as row 16,as row 16,EFB glare source,0,-,0,0,-,gated,gated,no,CONFIRMED,"stage-heap task appended after land G/GL (2 LF draw calls/frame measured)"
20,Div,Glare,CameraRender (+stage gimmicks e.g. ElecSearchLight 0x80155B10 fn_802659D4 fn_802667A8),0x801D04D4,-,recomp_027.cpp:46109,glare source extras,camera fb,flags 0x80 SRCALPHA/ONE ZTEST 1 ZWRITE 0,gimmick geometry,EFB glare source,0,-,0,0,-,state only (no children),state only (no children),no,CONFIRMED,"corrects doc 14 'reserved'"
21,Div,PostGlare,CameraRenderClose,0x801D0418,-,recomp_025.cpp:38661,state close,-,-,-,-,0,-,0,0,-,active,active,no,CONFIRMED,-
22,Div,PostGlare,PostGlare: state + source capture,0x801D26E8,0x8043193C->0x80430904,recomp_032.cpp:138021,capture,"cam begin/end only to latch states","save 8 states (10,11,6,8,2,12,7,9); set ZTEST 0 ZWRITE 0 TEXTUREADDRESS CLAMP SHADEMODE GOURAUD FILTER LINEAR (inherited by the ladder); cam->zBuffer(+0x64)=NULL",EFB glare source,E+0x34 parent (0xC1EE60) 640x480 RGBA8,1,"camera fb rect (0,0,640,480) -> E+0x34 parent RGBA8",0,0,-,active,active,yes,CONFIRMED,-
23,Div,PostGlare,ladder L1: level-A capture,0x8042F258,0x80430850 BuildQuad,recomp_016.cpp:130024,downsample,"Im2D; quad (x0,y0)=(-0.5,-0.5) size 128x128 -> screen [0.5,128]","SRC ONE DST ZERO; LINEAR; vertex RGB = trunc(G+0xE5*0.95) A=255 (FH 0x20 -> 30); UV row 0 = viewport sub-rect +0.5 texel",E+0x34 parent 640x480,"EFB corner (0,0)-(128,128) then copy",1,"(0,0,128,128) -> G+0x10 (0x9F8380) 128x128 RGBA8",0,1,-,active,active,yes (native: RT of W/5 x H/3.75),CONFIRMED,"single bilinear tap per dest pixel (sparse 5:1 x 3.75:1 decimation)"
24,Div,PostGlare,ladder L2: level-A horizontal half,0x804302EC,0x80430850,recomp_028.cpp:136077,separable tap sum,"RwCameraClear (0,0,0,255) IMAGE over full camera fb; then taps","SRC ONE DST ONE; LINEAR; taps x-offset k*spreadA-0.5 for k in {0,+1,-1,+2,-2..} (1+hA taps; FH hA=2 -> 3 taps); each tap clipped to [0,128]",G+0x10 (self),G+0x10 via copy,1,"(0,0,128,128) -> G+0x10 RGBA8",1,3,-,active,active,yes,CONFIRMED,"unnormalised sum; 8-bit saturation"
25,Div,PostGlare,ladder L3: level-A vertical half,0x804302EC,0x80430850,recomp_028.cpp:136077,separable tap sum,as L2 on y,"as L2 (1+vA taps; FH vA=2 -> 3)",G+0x10,G+0x10,1,"(0,0,128,128) -> G+0x10",1,3,-,active,active,yes,CONFIRMED,-
26,Div,PostGlare,ladder L4: level-B capture (cascade arm),0x8042F258,0x80430850,recomp_016.cpp:130024,downsample,"quad (-0.5,-0.5) size 64x64","ONE/ZERO LINEAR; cascade arm (E4==0 && E1): source = level A, vertex RGB = G+0xE6 raw (FH 0x30=48), UV row 1; other arms: source = capture, RGB=trunc(E6*0.95), row 0",G+0x10 128x128 (FH),EFB corner then copy,1,"(0,0,64,64) -> G+0x18 (0xA083C0) 64x64 RGBA8",0,1,-,active,active,yes,CONFIRMED,"exclusive copy sites 0x8042F630 / 0x8042F7E8 (FH) / 0x8042F9C4"
27,Div,PostGlare,ladder L5: level-B horizontal half,0x804302EC,0x80430850,recomp_028.cpp:136077,separable tap sum,clear opaque black + taps,"ONE/ONE LINEAR; 1+hB taps (FH hB=4 -> 5 taps: 0,+1,-1,+2,-2)",G+0x18,G+0x18,1,"(0,0,64,64) -> G+0x18",1,5,-,active,active,yes,CONFIRMED,-
28,Div,PostGlare,ladder L6: level-B vertical half,0x804302EC,0x80430850,recomp_028.cpp:136077,separable tap sum,as L5 on y,"ONE/ONE; 1+vB taps (FH 5)",G+0x18,G+0x18,1,"(0,0,64,64) -> G+0x18",1,5,-,active,active,yes,CONFIRMED,-
29,Div,PostGlare,ladder L7: wipe,0x8042F258,0x8048680C,recomp_016.cpp:130024,clear,full camera fb,"clear colour (0,0,0,0) IMAGE (Z untouched)",-,EFB colour black,0,-,1,0,-,active,active,yes,CONFIRMED,site 0x8042FA30
30,Div,PostGlare,ladder L8: merge B into A (E3==0 && E1 && E2),0x8042F258,0x80430850,recomp_016.cpp:130024,upsample merge,"quads x0=y0=0 size 128x128; UV rows 1 and 2 (0..1)","ONE/ONE LINEAR: draw A 1:1, draw B 64->128",G+0x10 and G+0x18,G+0x10 via copy then wipe,1,"(0,0,128,128) -> G+0x10 (copy site 0x8042FF40)",1,2,-,active,active,yes,CONFIRMED,"wipe (0,0,0,0) at 0x8042FF50 counted here"
31,Div,PostGlare,ladder L9: composite level A,0x8042F258,0x80430850,recomp_016.cpp:130024,upsample composite,"quad x0=y0=0 size = capture raster (640x480) -> screen [0.5,640.5]x[0.5,480.5]; UV row 1 (0..1)","ONE/ONE LINEAR",G+0x10 (A + up(B)),EFB colour (on black),0,-,0,1,-,active,active,no (visual intent: bloom),CONFIRMED,"E3!=0 path instead composites A (row 1) and B (row 2) separately"
32,Div,PostGlare,ladder L10: add unblurred glare source,0x8042F258,0x80430850,recomp_016.cpp:130024,composite,"full viewport, UV row 0","ONE/ONE LINEAR",E+0x34 parent (glare source),EFB colour,0,-,0,1,-,active,active,no,CONFIRMED,-
33,Div,PostGlare,PostGlare: scene add-back,0x80430904,0x80430850,recomp_032.cpp:138021,composite,"cam begin; full viewport; UV row 0","ONE/ONE LINEAR; then restore the 8 saved states",E+0x38 parent (scene save),EFB colour = scene + glare source + bloom (8-bit saturating),0,-,0,1,-,active,active,"yes as a mechanism (native: add bloom onto scene RT); result is exact",CONFIRMED,"ladder total BuildQuad calls 23/frame incl. this quad"
34,Div,PostGlare,DrawBlur,0x801D27FC,0x8042F16C->0x8042E254,recomp_000.cpp:107294,temporal + zoom composite,"cam begin; quad = viewport w x h scaled by zoom about centre: corners -(z-1)w/2 .. w+(z-1)w/2","save 7 states; SRCALPHA/INVSRCALPHA; VERTEXALPHA; ZTEST 0 ZWRITE 0 FOG 0; FILTER NEAREST; vertex RGB 255 A=B+0x01; UV (off+0.5)/640..(off+w+0.5)/640",B+0x74 parent 320x240 history (previous frame),EFB colour,0,-,0,0 (1 when active),-,"gated (B+0x00=0, B+0x78=0)",gated,partly (half-res NEAREST history is a GC limit; the blend itself is intent),CONFIRMED (code) / measured earlier (motion-blur-2026-09-14),"gate B+0x00 && B+0x01 && B+0x78"
35,Div,PostGlare,EffectDrawShimmer,0x801D2DFC,"0x8002761C->0x804261C0(E,6) -> 0x80028BA4 -> 0x80438C64",recomp_018.cpp:45369,refraction elements,per element,per element,bucket-6 elements,-,0,-,0,0,0x80028BA4 hits 0,dormant (E+0x4C == NULL),dormant (E+0x4C == NULL),n/a,CONFIRMED,"atomic shimmer 0x80438168 never reached: E+0x4C is 0 in both dumps"
36,Div,Sprite3D,CameraRender + RenderUnits,0x801D04D4 / 0x8004E390,-,recomp_027.cpp:46109,world-space sprites,camera fb,"flags 0x20: ZTEST 1 ZWRITE 1 (scene Z still intact after glare/blur)",object sprites,EFB,0,-,0,0,-,active,active,no,CONFIRMED,-
37,Div,Last,CameraRenderClose,0x801D0418,-,recomp_025.cpp:38661,state close,-,"leaves Sprite3D's ZTEST 1 ZWRITE 1 latched",-,-,0,-,0,0,-,active,active,no,CONFIRMED,-
38,Static,(group exec),RenderAttach_Static,0x801E4E40,0x8027211C(0)/0x80271F9C,recomp_015.cpp:44142,viewport restore,"layout 0 (full 640x480), camera[0]",-,-,-,0,-,0,0,-,active,active,no,CONFIRMED,-
39,Static,PostEffect,SaveScreen,0x801D2764,0x8042F140->0x8042E838 (+frag 0x8042E8A4),recomp_002.cpp:130559,history capture,"copies at camera fb; quads inside cam begin/end","B+0x78=0 first (unconditional); gate B+0 && B+1; stomp quad B+0x7C (0..320 x 0..240, UV 640 +0.5) and restore quad B+0xDC (0..640 x 0..480): SRC ONE DST ZERO; Z test/write INHERITED (LEQUAL write), filter inherited (measured NEAREST); z=0",EFB (post-glare/blur/shimmer/Sprite3D frame),"E+0x34 parent 640x480; B+0x74 parent 320x240; EFB repainted; B+0x78=1",0 (2 when active),"(0,0,640,480)->E+0x34 parent; (0,0,320,240)->B+0x74 parent RGBA8",0,0 (2 when active),-,gated,gated,yes (native: downsample/copy backbuffer into a history RT; no stomp/restore),CONFIRMED,"writes depth 0 over the screen when active"
40,Static,PostEffect,DrawScreenColor,0x801D2878,0x80439998->0x80438C90 (+frag 0x80438D00),recomp_028.cpp:137695,tint / overlay / invert,"cam begin; full viewport quad C+0x18","C+0 multiply (C+3..5 != white): copy then ONE/ZERO redraw with vertex colour; C+0 overlay (C+0x0A!=0): untextured SRCALPHA/INVSRCALPHA; C+1 invert: untextured INVDESTCOLOR/ZERO; all ZTEST 0 ZWRITE 0 FOG 0 NEAREST",EFB; C+0x10 (= E+0x34),EFB colour,0 (1 in multiply mode),"(0,0,640,480) -> E+0x34 parent (copy site 0x80439124)",0,0 (1-3 when active),-,gated (C+0=C+1=0),gated,multiply-capture is a GX limit; overlay/invert are intent,CONFIRMED (gating) / CODE (modes),-
41,Static,Sprite,CameraMatrix->Set2D,0x801D019C,0x80271E5C,recomp_050.cpp:54257,camera mode,"layout 0; saves camera frame LTM + view window; sets fixed view window [0x805F1200]",-,-,camMgr+0x30..0x64,0,-,0,0,-,active,active,no,CODE,"does NOT set an ortho projection (Im2D sets its own per primitive)"
42,Static,Sprite,CameraRender (0x418) + SpriteBack/SpriteMiddle/SpriteFront + RenderUnits,0x801D04D4 / 0x8004E390,Chao::CSD Project::Render 0x8036E794 via CsdBase::Draw 0x8003FE1C; glyph runs 0x800BCBA4,recomp_017.cpp:4536,2D HUD,"cam begin; Im2D viewport (0,0,640,480), posmtx +0.5, ortho 2/640 x -2/480","flags 0x418: SRCALPHA/INVSRCALPHA ZTEST 0 ZWRITE 0 alpha ALWAYS CULL NONE FILTER LINEAR fog off; TEV MODULATE",HUD textures (C4/C8/RGB5A3...),EFB colour,0,-,0,58,"CsdBase::Draw 2/frame; 61 2D prims recorded incl. 3 clear quads",active,active (57-58 prims),no,CONFIRMED,"child order: Set2D, CameraRender, SpriteBack, SpriteMiddle, SpriteFront(+MessageTask/RenderUnits), then Sprite RenderUnits"
43,Static,OnFade,CameraRenderClose + CameraRender(0x418) + FadeDrawTask (+StageTitleTask when loading),0x80044E08,0x800448C8->0x800448F8,recomp_009.cpp:4007,full-screen fade,Im2D,"ten 64x480 untextured tri-strips, vertex alpha; optional 109x135 badge quad",fade state 0x80573E54,EFB colour,0,-,0,0,Fade::Draw hits 0 in-stage,idle (state 0),idle,no,CONFIRMED,"fade darkens scene+HUD; stage title card and Gindows draw above it"
44,Static,Gindows,CameraRenderClose + CameraRender(0x418) + SaveMessageDrawTask,0x802E61AC,-,recomp_046.cpp:65607,2D windows,Im2D,flags 0x418,window textures,EFB colour,0,-,0,0,-,present (idle),present (idle),no,CONFIRMED (tree) / CODE,-
45,Static,SpriteLast,CameraRenderClose + CameraMatrix->Reset2D,0x801D019C,0x80271D50,recomp_049.cpp:47820,camera restore,restores camera frame + view window,-,camMgr saved,camera,0,-,0,0,-,active,active,no,CODE,-
46,End,PostRender,RenderStop,0x801D0250,0x80051B18->0x800514A0->RwCameraShowRaster 0x80486858->0x8048AD94->std fn 0x14 0x80495CBC,recomp_061.cpp:138855,present (XFB copy),"GXSetDispCopySrc (0,0,640,480) Dst 640x480 set once by 0x80495214","GXSetCopyFilter(aa 0, pattern 6s, vf ON, vfilter {8,8,10,12,10,8,8}) = 1/4,1/2,1/4 vertical deflicker; YScale 1.0; gamma 1.0; clear flag 0; GXFlush; GXCopyDisp(xfb); GXSetDrawSync(token); swap between 2 XFBs; throttles on VI queue",EFB colour 640x480,XFB 640x480 YUV (PAL60 interlaced EURGB60 DF),0,-,0,0,GXCopyDisp 1/frame,active,active,yes (native: present backbuffer; deflicker optional),CONFIRMED,"per frame totals FH: 9 GXCopyTex, 1 GXCopyDisp, 8 clears, 32 camera begins, 89 Im2D, 113 GXBegin, 176.3 GXCallDisplayList, 1061 GX primitives, 9021 triangles"
