path_id,name,guest_entry,generated,owner,render_level,bucket,rw_api_used,intercept_point,gx_primitive,vertex_format,verts_per_submit,state_recipe,texture_source,fh_calls_per_frame,fh_prims_per_frame,fh_verts_per_frame,bypasses_rw,confidence,notes
SCH-01,Effect bucket scheduler (7 draw tasks -> wrappers -> walker),0x804261C0,recomp_026.cpp:150553,"EffectManagerPJS 0x8057798C (draw list mgr+0x14, next elem+0x3C)",Opeq/Punch/Trans/Add/Add/GlareWorld/PostGlare,0..6,none (dispatch),keep in guest,-,-,-,bucket 5 wrapper 0x80027640 wraps the walk in RwCameraBeginUpdate/EndUpdate(main camera); hide-all byte mgr+0x24 toggles elem flag 0x8 around Render,-,7 walks,0,0,no,CONFIRMED,no sorting; order = draw list order; Render = elem vtable +0x10
EP-01,EffectParticlePJS billboards via RpPTank,0x80434824 (fill) -> 0x80449010 -> 0x80449A74,recomp_046.cpp:151275; recomp_011.cpp:157098; recomp_025.cpp:171301,EffectParticlePJS vt 0x8053D9BC,as bucket (Final Haunt: GlareWorld),elem+0x30 (FH: 5; saved 3 or 2),RpPTankAtomicLock/Unlock 0x80449458/0x804495E8; RpAtomic render callback,0x80449A74 PTank GC render callback (or atomic render cb 0x80449010),GX_QUADS 0x80 (VTXFMT0),POS XYZ F32 + CLR0 RGBA8 + TEX0 ST F32 (native fmt bytes 04..04 05 01),4 x actPCount,SRC/DST from PTank ext+0xA4/+0xA8 (attr+0x50 x elem+0x108 b2 table); VERTEXALPHA=1; FOG=!(elem+0x108 b1) saved/restored; ChanCtrl lighting off matsrc VTX; TEV MODULATE 1 stage; Z test/write from level,geometry material 0 texture (by name from TXD when elem+0x108 b4),16 draws,16,~2150 (532-541 particles x 4),no,CONFIRMED,"emitter 0x8044C260 math in doc section 5.6 (parabolic sin/cos; half-size corners; v0=-W-H uv(u1,v0) v1=+W-H (u0,v0) v2=+W+H (u0,v1) v3=-W+H (u1,v1)); camera R=LTM.right U=-LTM.up; vertices written raw to FIFO"
EP-01a,RpPTank GC pipeline render + emitters (below cut),0x80449D54 / 0x8044A25C..0x8044C6A4,recomp_029.cpp:151918; recomp_039.cpp:130343,RW RpPTank GC driver,-,-,RW driver internals,drop (replace by native instanced quads),GX_QUADS,as EP-01,4 per particle,GXClearVtxDesc..GXBegin; GQR6/7 from native format; fn_804960FC view matrix only (world-space positions),-,16,16,~2150,no (RW driver),CONFIRMED,"10 emitters selected by dataFlags (MATRIX, CNSMATRIX, 2DROTATE, SIZE x USECENTER); only 0x8044C260 used by effects"
EP-02,EffectParticle3DPJS oriented quads,0x80433DA8 (+frag 0x80433F40); fill in update 0x804341D0,recomp_041.cpp:143817; recomp_042.cpp:157693; recomp_043.cpp:189168,EffectParticle3DPJS vt 0x8053DAB0,as bucket,elem+0x30,RwIm3DTransform 0x8049B87C + RwIm3DRenderPrimitive 0x8049BB48 + RwIm3DEnd 0x8049B95C,RwIm3D API,GX_TRIANGLESTRIP,"RwIm3DVertex 36B (pos +0, rgba +0x18, u +0x1C, v +0x20); flags 0x19",4 per particle (one Transform+Render per particle),"CULL=NONE, FILTER=LINEAR, VERTEXALPHA=1, FOG=!(b1), TEXTURERASTER=elem+0x144 texture raster or NULL; blend = level",elem+0x144 texture,0,0,0,no,CODE,"CPU M = T(pos) Rz(+0x18) Ry(+0x14) Rx(+0x10) S(+0x28) [x elem+0x54 if b11]; corners elem+0x14C; uv k0=(u1,v1) k1=(u1,v0) k2=(u0,v1) k3=(u0,v0)"
EP-03,EffectParticle3DPJS model per particle,0x80433DA8,recomp_041.cpp:143817,EffectParticle3DPJS,as bucket,elem+0x30,RpClumpRender 0x80457C14 (or world add 0x8046334C),RpClumpRender -> world atomic pipeline,display lists (geometry lane),clump native,-,model material,clump,0,0,0,no,CODE,clone per particle via 0x804580E0 into 152-byte record +0x90
EP-04,EffectRayPJS camera-facing beams,0x8042D870 (+frag 0x8042D8DC),recomp_059.cpp:132900; recomp_060.cpp:143920,EffectRayPJS vt 0x8053D8D4,as bucket,elem+0x30,RwIm3DTransform + RenderPrimitive(TRISTRIP) + End,RwIm3D API,GX_TRIANGLESTRIP,"RwIm3DVertex 36B, flags 0x18 (XYZ|RGBA, no UV)",4 per ray,"CULL=NONE, VERTEXALPHA=1, TEXTURERASTER=NULL, FOG=!(b1); blend = level",none,0,0,0,no,CODE,"side = normalize(cross(B-A, B-eye)) * width(node+0x34) * [0x8051C304]; length clamp node+0x30"
EP-05,EffectLocusPJS ribbons/trails,0x8043B618,recomp_045.cpp:164351,EffectLocusPJS vt 0x8053D860,as bucket,elem+0x30,RwIm3DTransform + RenderPrimitive(TRISTRIP) + End,RwIm3D API,GX_TRIANGLESTRIP,"RwIm3DVertex 36B x 2 per sample (0x48), flags 0x18",2 x samples per strip,"CULL=NONE, VERTEXALPHA=1, TEXTURERASTER=NULL, FOG=!(+0x10C b1); blend = level",none,0,0,0,no,CODE,buffer elem+0x170; rebuild fn_8043AB68 when +0x10C & 0x4000
EP-06,EffectShimmerPJS heat-haze grid,0x8043531C (+frag 0x80435408),recomp_057.cpp:147204; recomp_058.cpp:144511,EffectShimmerPJS vt 0x8053D728,PostGlare (bucket 6),elem+0x30,RwGameCubeCameraTextureCopy 0x80496208 + Im2DRenderPrimitive (device +0x30),camera texture copy + Im2D,GX_TRIANGLESTRIP,"RwIm2DVertex 24B (x, y, z, RGBA, u, v)",elem+0x1C8,"copy EFB -> capture raster; RwCameraBeginUpdate; TEXTURERASTER=capture, SRC=SRCALPHA, DST=INVSRCALPHA, VERTEXALPHA=1, ZTEST=1, ZWRITE=0, FOG=0, FILTER=NEAREST",live screen capture,0,0,0,no,CODE,grid (+0x108+1) x (+0x10C) with sin offsets
EP-07,EffectObjectPJS attached clump,0x80433AA0,recomp_037.cpp:147744,EffectObjectPJS vt 0x8053DA3C,as bucket,elem+0x30,RpClumpRender 0x80457C14 / world add 0x8046334C,RpClumpRender,display lists,clump native,-,model material,clump,0,0,0,no,CODE,hidden branch unregisters (0x804635BC/0x8046343C)
EP-08,Arranger / GlobalParam / LensFlareRW3 elements,0x800273E4 / 0x801D1360 / 0x801D12F4,-,EffectArrangerPJS / EffectGlobalParamPJS / EffectLensFlareRW3,-,-,none (Render = blr),-,-,-,-,-,-,-,0,0,no,CONFIRMED (vtable dump),logic-only elements
LF-01,GlobalLensFlare sprite chain,0x80431E38 (+frag 0x80431E94),recomp_050.cpp:143477; recomp_051.cpp:143132,ScreenEffect LF=[mgr+0x50]; tasks DrawGlobalLensFlare 0x801D2928 / Another 0x801D2A94,GlareWorld,-,Im2DRenderPrimitive (device +0x30) + RwCameraBeginUpdate/End,Im2D API,GX_TRIANGLESTRIP,RwIm2DVertex 24B,4 per element (+4 flash quad),"save 10,11,12,6,8,14,9; SRC=SRCALPHA DST=ONE VA=1 ZWRITE=0 FOG=0 FILTER=NEAREST; element 0 ZTEST=1, others ZTEST=0; flash quad SRC=ONE DST=ONE raster NULL",LF+0x1C texture array (LENSFLARE.TXD),2 calls,0 (LF+0x04 enable = 0 on Final Haunt),0,no,CONFIRMED gate / CODE draw,"gate LF+0x04; return if LF+0x8C && LF+0x8D; element descriptors LF+0x18 (0x24 stride, pass byte +0x20); verts LF+0x28 (0x60 per element)"
KG-01,KageTask drop shadow (flattened clump),0x80357578 (draw functor),recomp_050.cpp:120937,KageTask singleton [0x805F1EEC],Trans ([RenderTaskSystem+0x18]),-,RpClumpRender 0x80457C14,RpClumpRender -> world atomic pipeline,display lists (geometry lane),clump native (EFFSHADOWEVIL/HERO.DFF),-,"none set; inherits Trans level state (SRCALPHA/INVSRCALPHA, ZTEST 1, ZWRITE 0, cull back, fog off)",DFF material,"1 draw, 1 record",1 clump,clump,no,CONFIRMED,"per record: 3x4 -> RwMatrix (0x80059318) into clump frame +0x10, RwFrameUpdateObjects, RpClumpRender; Y scale 0.0; lift 0.02*worldScale; submits 0x80357260 (1/frame) / 0x803573A4 (0)"
GS-01,Eff::Belt strip,0x802DE4BC,recomp_021.cpp:99737,Eff::Belt task (attach 0x802DE398 / 0x802DE43C),Add,-,"RwIm3DTransform(22, NULL, 0x18) + TRISTRIP + End",RwIm3D API,GX_TRIANGLESTRIP,RwIm3DVertex 36B XYZ|RGBA,22,SRC=SRCALPHA DST=ONE CULL=NONE TEXRASTER=NULL VA=1 FOG=0 (saved/restored),none,0,0,0,no,CODE,
GS-02,Eff::LocusMultiVtx trail,0x802DF140,recomp_046.cpp:101589,Eff::LocusMultiVtx task (attach 0x802DF0C0),Add,-,"RwIm3DTransform(n, NULL, 0x18) + TRISTRIP + End",RwIm3D API,GX_TRIANGLESTRIP,RwIm3DVertex 36B XYZ|RGBA,n,as GS-01,none,0,0,0,no,CODE,
GS-03,ElecSearchLight cone,0x8015390C,recomp_059.cpp:42053,"ElecSearchLight (LIGHT.BIN) functor 0x8052B908, attach 0x80155DD8",Glare,-,"RwIm3DTransform(26, ?, 0x18) + TRISTRIP + End",RwIm3D API,GX_TRIANGLESTRIP,RwIm3DVertex 36B XYZ|RGBA,26,ZWRITE=0 FOG=0 CULL=NONE SRC=SRCALPHA DST=ONE VA=1 TEXRASTER=NULL; restores CULL/ZWRITE/FOG,none,0,0,0,no,CODE,refutes the 'RenderLevel_Glare empty' negative
GS-04,ElecFan glow model,0x802662A4,-,"ElecFan / DE0403DENSIRYUU.DFF functor 0x8054D2EC, attach 0x80266834",Glare,-,RpClumpRender,RpClumpRender,display lists,clump native,-,vertex colour via 0x80037BAC; CULL=NONE around the draw then CULL=BACK,DFF,0,0,0,no,CODE,
GS-05,Enemy laser/aim line,0x80039948,recomp_054.cpp:5383,called from enemy fn 0x802E2858,caller's level,-,RwIm3DTransform(2) + RenderPrimitive(LINELIST) + End,RwIm3D API,GX_LINES,RwIm3DVertex 36B,2,ZWRITE=0 FOG=0 CULL=NONE SRC=SRCALPHA DST=ONE VA=1 TEXRASTER=NULL,none,0,0,0,no,CODE,
GS-06,LockonMark homing reticle,0x800620D4,recomp_028.cpp:9464,"LockonMark functor 0x8051FEA0, attach 0x80062D24",Sprite3D,-,Im2DRenderPrimitive (device +0x30),Im2D API,GX_TRIANGLESTRIP,RwIm2DVertex 24B,4 x 2,ZTEST=0 ZWRITE=0 FOG=0 SRC=SRCALPHA DST=ONE VA=1 FILTER=NEAREST TEXRASTER=reticle textures,TXD by name,0,0,0,no,CODE,screen position from camera projection of the target
GS-07,GiHPGaugeEnemy HP bars (3D-anchored CSD),0x800BF634,recomp_052.cpp:24050,"GiHPGaugeEnemy functor 0x80523758, attach 0x800C002C",Sprite3D,-,Chao::CSD project -> CPlatformRW::DrawPrimitive2D 0x80364024 -> Im2D,CSD / Im2D (2D lane),GX_TRIANGLESTRIP,RwIm2DVertex 24B,4,CSD (2D lane),CSD,4,(inside the 89 Im2D),-,no,CONFIRMED,2D lane owns CSD
GS-08,CSD scene anchored in 3D,0x8033BB10,recomp_028.cpp:125907,"functor 0x8055E6C8, attach 0x8033C3E4",Sprite3D,-,Chao::CSD,CSD / Im2D (2D lane),GX_TRIANGLESTRIP,RwIm2DVertex 24B,4,CSD (2D lane),CSD,1,(inside the 89 Im2D),-,no,CONFIRMED,
GS-09,Sprite3D model functor,0x802B4A8C,-,"functor 0x80558748, attach 0x802B5108",Sprite3D,-,RpClumpRender,RpClumpRender,display lists,clump native,-,opaque level state (0x20),clump,0,0,0,no,CODE,
GS-10,EggLastMechFeverRing model,0x80358A54,recomp_055.cpp:137545,"functor 0x80560828, attach 0x80359230",Opeq,-,"RpClumpRender (render-context mode 5, StageLight record switch)",RpClumpRender,display lists,clump native,-,opaque level state,clump,0,0,0,no,CODE,doc 04 mislabelled it EffectKage_LightSwitch
LK-01,AtomicShimmer subtractive passes,0x804381C4 / 0x80438570 (fns 0x80438168 / 0x804382F8),recomp_020.cpp:145492; recomp_024.cpp:143656,ScreenEffect atomic shimmer [E+0x4C] via EffectShimmerRW3::Draw 0x80028BA4,PostGlare (bucket 6),6,RpClumpRender + Im2DRenderPrimitive + camera texture copy,RW API + raw GX call,clump / GX_TRIANGLESTRIP,clump / RwIm2DVertex 24B,4 (quad),"GXSetBlendMode(GX_BM_SUBTRACT, GX_BL_ONE, GX_BL_ONE, GX_LO_SET) DIRECT unless obj+0x78 (then RW SRC/DST ZERO/ONE or ONE/ONE); CULL=FRONT for the second clump pass",screen capture,0,0,0,PARTLY (raw GXSetBlendMode),CONFIRMED census / CODE recipe,RW cached SRC/DST desynchronised by the raw call
LK-02,DiscErrorScreen self-contained renderer,"0x8032D4CC (setup 0x8032D7CC, handlers 0x8032DBB4..0x8032DE30, quad 0x8032E038, font 0x8032E10C)",recomp_030.cpp:120670; recomp_032.cpp:121009; recomp_041.cpp:119444; recomp_042.cpp:126217,DVD/system error controller,none (outside the task tree),-,none,raw GX (reimplement or replace by host UI),GX_QUADS,POS XYZ S16 frac0 + CLR0 RGBA8 + TEX0 ST S16 frac0 (texture matrix GX_TEXMTX0 normalises),4 per glyph,"ortho projection; ZMode off; 1 lit channel (GX_LIGHT0, DF_NONE); TEV MODULATE; BLEND SRCALPHA/INVSRCALPHA; cull none; own GXSetCopyClear/GXCopyDisp/GXDrawDone","font image GXInitTexObj CLAMP, LINEAR",0,0,0,YES (entirely),CODE (0 runtime hits),raw FIFO writes in 0x8032E038
LK-03,Boot video GXSetMisc,0x80051028,recomp_007.cpp:9874,boot video init,-,-,none,config only,-,-,-,GXSetMisc,-,0,0,0,yes (non-frame),CODE,
LK-04,VI display-copy Y scale,0x80306888,recomp_051.cpp:107031,video/movie module,-,-,none,config only,-,-,-,"GXGetYScaleFactor, GXSetDispCopyYScale",-,0,0,0,yes (non-frame),CODE,
LK-05,Reset GXAbortFrame,0x803746B0,recomp_011.cpp:130487,reset handler,-,-,none,config only,-,-,-,GXAbortFrame,-,0,0,0,yes (non-frame),CODE,
LK-06,Orphan TexObj query,0x80393634,recomp_051.cpp:126721,none (0 callers),-,-,none,dead,-,-,-,GXGetTexObjFmt/MipMap,-,0,0,0,yes (dead),CODE,
RW-IM2D,RW GC Im2D implementation,0x80491E80 / 0x8049245C / 0x80491B08 / 0x80491D0C (setup 0x8049148C),recomp_043.cpp:203655; recomp_044.cpp:177691; recomp_039.cpp:142939,RwDevice 0x8056F508 (+0x28..+0x34),any,-,device fpIm2DRender*,Im2D device entries,prim map 0x8056F120,"RwIm2DVertex 24B -> POS XYZ F32, CLR0 RGBA8, [TEX0 ST F32]",n,"lighting off, matsrc VTX; MODULATE if TEXTURERASTER else PASSCLR; ortho from camera raster",TEXTURERASTER state,89 (all clients),89,-,no (RW driver),CONFIRMED,31 CSD DrawPrimitive2D + 2 from 0x80363F10 + ~56 post (INFERRED split)
RW-IM3D,RW GC Im3D implementation,0x8049B87C / 0x8049BB48 / 0x8049B9AC / 0x8049B95C; node 0x804A0B68,recomp_017.cpp:150375; recomp_020.cpp:150875; recomp_019.cpp:161211; recomp_028.cpp:189464,Im3D module [0x805F272C],any,-,RwIm3D API,RwIm3D API,prim map,"RwIm3DVertex 36B -> POS XYZ F32, CLR0 RGBA8, [TEX0 ST F32]",n,view x transform matrix; lighting off; MODULATE/PASSCLR,TEXTURERASTER state,"0 in-stage (all 49,912 calls of the run occur before 45e9 during boot/loading, from 0x80471CA4 indexed TRILIST)",0,0,no (RW driver),CONFIRMED,
