type,class,base,ctor,base_call_pc
0x001,AccelerateInputCommand,CharCommand,801DC224,801DC240
0x002,SetPositionCommand,CharCommand,8009E8E8,8009E904
0x003,SetAngleCommand,CharCommand,800B85E0,800B8604
0x004,ClrVelocityCommand,CharCommand,8009ED00,8009ED1C
0x005,SetVelocityCommand,CharCommand,800DEA9C,800DEAB8
0x006,AccelerateCommand,CharCommand,8006E47C,8006E498
0x007,DamageCommand,CharCommand,801DBBA4,801DBBC8
0x008,DeadCommand,CharCommand,8009F258,8009F274
0x009,SwitchCommand,CharCommand,80258018,80258038
0x00A,WallJumpCommand,CharCommand,801DBABC,801DBAE0
0x00B,RideCommand,CharCommand,801DB9D8,801DB9FC
0x00C,LeaveCommand,CharCommand,801DB8F8,801DB91C
0x00D,UseCommand,CharCommand,801DB7BC,801DB7E0
0x00E,ReadyCommand,CharCommand,801DB760,801DB780
0x00F,CancelCommand,CharCommand,801DB704,801DB724
0x010,RecoverCommand,CharCommand,801DB698,801DB6C0
0x011,PickupCommand,CharCommand,801DB60C,801DB63C
0x012,CastCommand,CharCommand,801DB5A0,801DB5C4
0x013,ThrowCommand,CharCommand,801DB534,801DB558
0x014,VacuumCommand,CharCommand,801DB3A4,801DB3C8
0x015,ControlVehicleCommand,CharCommand,801DB154,801DB170
0x016,AnnounceAttackCommand,CharCommand,801DB084,801DB0A8
0x017,SetTransparentCommand,CharCommand,801DAEDC,801DAF08
0x018,SetLightCommand,CharCommand,801DAE00,801DAE20
0x019,GenerateCommand,CharCommand,801DAD84,801DADA8
0x01A,BindCommand,CharCommand,801DAD24,801DAD44
0x01B,ReleaseCommand,CharCommand,801DACC8,801DACE8
0x01C,ScoreCommand,CharCommand,801DAC54,801DAC84
0x01D,SpringCommand,CharCommand,801DAC08,801DAC24
0x101,Player::CancelBehaviorCommand,Player::PlayerCommand,80100418,80100434
0x102,Player::StartAttackCommand,Player::PlayerCommand,8006EEB8,8006EED4
0x103,Player::EndAttackCommand,Player::PlayerCommand,800A258C,800A25A8
0x104,Player::StartJumpCommand,Player::PlayerCommand,8009CCCC,8009CCE8
0x105,Player::EndJumpCommand,Player::PlayerCommand,80070000,8007001C
0x106,Player::StartActionCommand,Player::PlayerCommand,800795B8,800795D4
0x107,Player::EndActionCommand,Player::PlayerCommand,800A2548,800A2564
0x108,Player::JumpDashCommand,Player::PlayerCommand,800A148C,800A14A8
0x109,Player::SlidingCommand,Player::PlayerCommand,800A1514,800A1530
0x10A,Player::HomingAttackCommand,Player::PlayerCommand,8006FFB0,8006FFCC
0x10B,Player::HomingJumpCommand,Player::PlayerCommand,8010E3B8,8010E3D4
0x10C,Player::SetLoopPathCommand,Player::PlayerCommand,8009FC00,8009FC1C
0x10D,Player::GrindCommand,Player::PlayerCommand,8009FBB0,8009FBCC
0x10E,Player::SpinDashCommand,Player::PlayerCommand,800A14D0,800A14EC
0x10F,Player::DarkSpinCommand,Player::PlayerCommand,800A159C,800A15B8
0x110,Player::LightDashCommand,Player::PlayerCommand,800A1558,800A1574
0x111,Player::TouchLineCommand,Player::PlayerCommand,800F6574,800F6598
0x112,Player::TouchHangCommand,Player::PlayerCommand,80115F58,80115F84
0x113,Player::ChaosBlastCommand,Player::PlayerCommand,800A16C4,800A16E0
0x114,Player::ChaosControlCommand,Player::PlayerCommand,800A1680,800A169C
0x115,Player::StartUseWeaponCommand,Player::PlayerCommand,800A174C,800A1768
0x116,Player::CancelUseWeaponCommand,Player::PlayerCommand,8009FB6C,8009FB88
0x117,Player::EndUseWeaponCommand,Player::PlayerCommand,800A1708,800A1724
0x118,Player::PickupWeaponCommand,Player::PlayerCommand,800A1344,800A1360
0x119,Player::CastWeaponCommand,Player::PlayerCommand,800A163C,800A1658
0x11A,Player::AddWeaponCommand,Player::PlayerCommand,8011F860,8011F884
0x11B,Player::GetItemCommand,Player::PlayerCommand,8015FB44,8015FB6C
0x11C,Player::ApproachControlCommand,Player::PlayerCommand,800A1430,800A1454
0x11D,Player::PickupObjectCommand,Player::PlayerCommand,8009E4E0,8009E4FC
0x11E,Player::ThrowCommand,Player::PlayerCommand,800A15EC,800A1608
0x11F,Player::TurnOverCommand,Player::PlayerCommand,8009E490,8009E4AC
0x121,Player::LaunchCommand,Player::PlayerCommand,8009B2C4,8009B2E0
0x122,Player::StreamCommand,Player::PlayerCommand,8009B158,8009B174
0x123,Player::GetOnVehicleCommand,Player::PlayerCommand,8009B04C,8009B068
0x124,Player::StartParallelMoveCommand,Player::PlayerCommand,800A2614,800A2630
0x125,Player::EndParallelMoveCommand,Player::PlayerCommand,800A25D0,800A25EC
0x126,Player::InvincibleCommand,Player::PlayerCommand,800DEB50,800DEB6C
0x127,Player::IgnoreInputCommand,Player::PlayerCommand,800775F8,8007761C
0x129,Player::SetMotionCommand,Player::PlayerCommand,8009EC4C,8009EC70
0x12A,Player::SetExternalMotionCommand,Player::PlayerCommand,801BCC40,801BCC64
0x12B,Player::StartExternalControlCommand,Player::PlayerCommand,8009ECA4,8009ECC0
0x12C,Player::EndExternalControlCommand,Player::PlayerCommand,8009E9E0,8009E9FC
0x12D,Player::SetGravityCommand,Player::PlayerCommand,8009A734,8009A750
0x12E,Player::PressGroundCommand,Player::PlayerCommand,8009A5AC,8009A5C8
0x12F,Player::ToSuperCommand,Player::PlayerCommand,8009A498,8009A4B8
0x131,Player::ElectricCircuitCommand,Player::PlayerCommand,801F8D6C,801F8D8C
0x132,Player::WaitTalkingCommand,Player::PlayerCommand,800A7870,800A788C
0x133,Player::SetLookAtPositionCommand,Player::PlayerCommand,8009A118,8009A140
0x134,Player::ActingAccelerateCommand,Player::PlayerCommand,80099FC8,80099FF0
0x135,Player::CancelActingCommand,Player::PlayerCommand,80099EA0,80099EBC
0x136,Player::ResetCameraCommand,Player::PlayerCommand,800B859C,800B85B8
0x137,Player::ResetCommand,Player::PlayerCommand,80099C20,80099C3C
0x301,GadgetCommand::MoveStartCommand,GadgetCommand::GadgetCommand,8025EB8C,8025EBB0
0x302,GadgetCommand::MoveEndCommand,GadgetCommand::GadgetCommand,8025EAF8,8025EB1C
0x303,GadgetCommand::AttackStartCommand,GadgetCommand::GadgetCommand,80273D90,80273DBC
0x304,GadgetCommand::AttackEndCommand,GadgetCommand::GadgetCommand,80273D3C,80273D60
0x401,Player::Npc::HideCommand,Player::Npc::NpcCommand,8007356C,80073588
0x402,Player::Npc::ShowCommand,Player::Npc::NpcCommand,800733F8,80073414
0x403,Player::Npc::EnemyDeadByPlayerCommand,Player::Npc::NpcCommand,8007311C,80073140
0x501,Boss::Diablon::ToUnderCommand,CharCommand,802D4EE4,802D4F00
