id,name,v0,v1,v2,v3,v4
0,Ring,0,10,0,0,0
1,RingGhost,0,0,0,0,0
2,ScatteringRing,0,0,0,0,0
3,BonusRing,0,10,0,0,0
4,ItemBoxRing5,0,50,0,0,0
5,ItemBoxRing10,0,100,0,0,0
6,ItemBoxRing20,0,200,0,0,0
7,ItemBoxBlank,0,0,0,0,0
8,ItemBoxOther,0,200,0,0,0
9,ContainerGun,20,0,0,500,0
10,ContainerHardGun,50,0,0,500,0
11,ContainerBK,0,0,20,0,500
12,ContainerHardBK,0,0,50,0,500
13,ContainerEgg,0,0,20,0,500
14,ContainerHardEgg,0,0,50,0,500
15,ContainerWeapon,20,0,0,500,0
16,ContainerWeaponSpecial,20,0,0,500,0
17,Bomb,0,0,0,0,0
18,BatteryArmy,50,0,0,800,0
19,BatteryBlackKiller,0,0,50,0,800
20,BreakObjGun,20,0,0,500,0
21,BreakObjBK,0,0,20,0,500
22,Fruit,0,0,20,0,500
23,BlastObj,0,0,50,0,0
24,SecretKey,0,0,0,0,0
25,EnergyCoreDark,200,0,0,30000,0
26,EnergyCoreHero,0,0,200,0,30000
27,Fire,0,0,50,0,3000
28,BKGasTouch,50,0,0,3000,0
29,BKGasBreathe,0,0,50,0,1000
30,TechnicCollision,0,800,0,0,0
31,CaptureCage,100,0,0,600,0
32,HealingUnit,0,0,0,0,0
33,ContainerEggSpecific,20,0,0,500,0
34,ContainerHardEggSpecific,50,0,0,500,0
35,StageBreakObj,20,0,0,500,0
36,StageBreakObjHard,50,0,0,800,0
37,StageBreakObjBK,0,0,20,0,500
38,StageBreakObjBKHard,0,0,50,0,800
39,Unknown,0,0,0,0,0
40,MissionObjHero,0,0,100,0,1000
41,MissionObjDark,100,0,0,1000,0
42,ParkBalloon,0,20,0,0,0
43,ParkBonusBallon,0,50,0,0,0
44,ParkEggBalloon,0,0,20,0,500
45,ParkGhost,0,0,20,0,500
46,ParkCream,100,0,0,3000,0
47,ParkChao,50,0,0,1000,0
48,ParkMonster,0,0,1000,0,0
49,ElecGunSecurity,100,0,0,1000,0
50,ElecEggSecurity,100,0,0,1000,0
51,ElecGunSecuritySpecific,100,0,0,1000,0
52,ElecEggSecuritySpecific,100,0,0,1000,0
53,ElecBomb,200,0,0,500,0
54,CityBigBomb,200,0,0,1000,0
55,CitySmallBomb1,100,0,0,500,0
56,CitySmallBomb2,0,0,100,0,500
57,CityHelicopter,500,0,0,5000,0
58,CityTrack,100,0,0,800,0
59,CityBKTank,0,0,1000,0,0
60,CityGunStation,100,0,0,800,0
61,JungleEggBalloon,0,0,1000,0,0
62,JungleVine,0,0,0,0,0
63,CanyonTornadoObj,20,0,0,500,0
64,CanyonStonePole,20,0,0,500,0
65,CanyonStoneStatue,50,0,0,500,0
66,CanyonPowerDevice,0,0,100,0,1000
67,CanyonEggBattleFleet,200,0,0,1000,0
68,CanyonEggMotherFleet,500,0,0,1000,0
69,BaseEscapeShip,1000,0,0,0,0
70,BaseBKBattleShip,0,0,500,0,1000
71,ArkDefenseSystem,100,0,0,1000,0
72,ArkDefenseShield,50,0,0,500,0
73,ArkMeteorSmall,20,0,0,500,0
74,ArkMeteor,50,0,0,500,0
75,ArkCannon,100,0,0,1000,0
76,ArkGlassMonitor,20,0,0,500,0
77,DoomBAMine,0,0,20,0,500
78,DoomBAGunShip,0,0,500,0,1000
79,GunSoldier,150,0,0,3000,0
80,GunSoldierShield,200,0,0,3000,0
81,GunBeetle,100,0,0,1000,0
82,GunBeetleG,1000,0,0,5000,0
83,GunRobotA,250,0,0,4000,0
84,GunRobotB,500,0,0,5000,0
85,GunBigfootA,500,0,0,5000,0
86,GunBigfootB,1000,0,0,6000,0
87,GunRecovery,0,0,200,0,3000
88,BkSoldier,0,0,150,0,2000
89,BkSoldierShield,0,0,200,0,2000
90,BkWingSmall,0,0,100,0,1000
91,BkWingLarge,0,0,200,0,2000
92,BkWorm,0,0,400,0,3000
93,BkGiant,0,0,800,0,4000
94,BkGiantHanmer,0,0,1000,0,5000
95,BkLarva,0,0,20,0,400
96,BkNinja,0,0,400,0,3000
97,BkChaos,0,0,40,0,200
98,BkRecovery,200,0,0,3000,0
99,EggPawn,0,0,150,0,2000
100,EggPawnShield,0,0,200,0,2000
101,EggPierrotBall,0,0,100,0,1000
102,EggPierrotBody,0,0,200,0,2000
103,EggShadowAndroid,0,0,300,0,3000
104,EggRecovery,200,0,0,3000,0
105,EggPawnSpecific,150,0,0,2000,0
106,EggPawnShieldSpecific,200,0,0,2000,0
107,EggPierrotBallSpecific,100,0,0,1000,0
108,EggPierrotBodySpecific,200,0,0,2000,0
109,EggShadowAndroidSpecific,300,0,0,3000,0
110,EggRecoverySpecific,0,0,200,0,3000
111,Boss,0,0,0,0,0
112,GunBossDamage,0,0,0,500,0
113,BkBossDamage,0,0,0,0,500
114,EggBossDamage,0,0,0,0,500
